-- Database: db_klinik_c45
-- Berdasarkan MASTER BLUEPRINT

SET SQL_MODE = "NO_AUTO_VALUE_ON_ZERO";
START TRANSACTION;
SET time_zone = "+00:00";

-- CREATE DATABASE IF NOT EXISTS
CREATE DATABASE IF NOT EXISTS `db_klinik_c45`;
USE `db_klinik_c45`;

-- 1. Tabel pengguna
CREATE TABLE `pengguna` (
  `id_pengguna` int(11) NOT NULL AUTO_INCREMENT,
  `username` varchar(50) NOT NULL,
  `password` varchar(255) NOT NULL,
  `nama_lengkap` varchar(100) NOT NULL,
  `level` enum('admin','petugas','pemilik') NOT NULL,
  `status` enum('aktif','nonaktif') NOT NULL DEFAULT 'aktif',
  `created_at` timestamp DEFAULT CURRENT_TIMESTAMP,
  `updated_at` timestamp DEFAULT CURRENT_TIMESTAMP ON UPDATE CURRENT_TIMESTAMP,
  PRIMARY KEY (`id_pengguna`),
  UNIQUE KEY `username` (`username`)
) ENGINE=InnoDB DEFAULT CHARSET=utf8mb4;

-- 2. Tabel pasien
CREATE TABLE `pasien` (
  `id_pasien` int(11) NOT NULL AUTO_INCREMENT,
  `nomor_rm` varchar(20) NOT NULL,
  `nama` varchar(100) NOT NULL,
  `tempat_lahir` varchar(50) DEFAULT NULL,
  `tanggal_lahir` date DEFAULT NULL,
  `usia` int(11) DEFAULT NULL,
  `jenis_kelamin` enum('L','P') NOT NULL,
  `alamat` text DEFAULT NULL,
  `pekerjaan` varchar(100) DEFAULT NULL,
  `no_telp` varchar(20) DEFAULT NULL,
  `created_at` timestamp DEFAULT CURRENT_TIMESTAMP,
  `updated_at` timestamp DEFAULT CURRENT_TIMESTAMP ON UPDATE CURRENT_TIMESTAMP,
  PRIMARY KEY (`id_pasien`),
  UNIQUE KEY `nomor_rm` (`nomor_rm`)
) ENGINE=InnoDB DEFAULT CHARSET=utf8mb4;

-- 3. Tabel rekam_medis
CREATE TABLE `rekam_medis` (
  `id_rm` int(11) NOT NULL AUTO_INCREMENT,
  `id_pasien` int(11) NOT NULL,
  `id_pengguna` int(11) NOT NULL,
  `tanggal_kunjungan` date NOT NULL,
  `keluhan_utama` text DEFAULT NULL,
  `riwayat_penyakit` text DEFAULT NULL,
  `hasil_pemeriksaan` text DEFAULT NULL,
  `diagnosis` text DEFAULT NULL,
  `tindakan` varchar(100) DEFAULT NULL,
  `catatan` text DEFAULT NULL,
  `created_at` timestamp DEFAULT CURRENT_TIMESTAMP,
  PRIMARY KEY (`id_rm`),
  KEY `id_pasien` (`id_pasien`),
  KEY `id_pengguna` (`id_pengguna`)
) ENGINE=InnoDB DEFAULT CHARSET=utf8mb4;

-- 4. Tabel dataset
CREATE TABLE `dataset` (
  `id_dataset` int(11) NOT NULL AUTO_INCREMENT,
  `nama_dataset` varchar(100) NOT NULL,
  `sumber` varchar(255) DEFAULT NULL,
  `jumlah_record` int(11) DEFAULT 0,
  `jumlah_atribut` int(11) DEFAULT 0,
  `deskripsi` text DEFAULT NULL,
  `created_at` timestamp DEFAULT CURRENT_TIMESTAMP,
  PRIMARY KEY (`id_dataset`)
) ENGINE=InnoDB DEFAULT CHARSET=utf8mb4;

-- 5. Tabel atribut
CREATE TABLE `atribut` (
  `id_atribut` int(11) NOT NULL AUTO_INCREMENT,
  `id_dataset` int(11) NOT NULL,
  `nama_atribut` varchar(100) NOT NULL,
  `tipe_data` enum('numerik','kategorikal') NOT NULL,
  `nilai_mungkin` text DEFAULT NULL,
  `is_target` tinyint(1) DEFAULT 0,
  `created_at` timestamp DEFAULT CURRENT_TIMESTAMP,
  PRIMARY KEY (`id_atribut`),
  KEY `id_dataset` (`id_dataset`)
) ENGINE=InnoDB DEFAULT CHARSET=utf8mb4;

-- 6. Tabel data_latih
CREATE TABLE `data_latih` (
  `id_data_latih` int(11) NOT NULL AUTO_INCREMENT,
  `id_dataset` int(11) NOT NULL,
  `id_pasien` int(11) DEFAULT NULL,
  `nilai_atribut_json` json NOT NULL,
  `kelas_target` varchar(50) DEFAULT NULL,
  `created_at` timestamp DEFAULT CURRENT_TIMESTAMP,
  PRIMARY KEY (`id_data_latih`),
  KEY `id_dataset` (`id_dataset`),
  KEY `id_pasien` (`id_pasien`)
) ENGINE=InnoDB DEFAULT CHARSET=utf8mb4;

-- 7. Tabel data_uji
CREATE TABLE `data_uji` (
  `id_data_uji` int(11) NOT NULL AUTO_INCREMENT,
  `id_dataset` int(11) NOT NULL,
  `id_pasien` int(11) DEFAULT NULL,
  `nilai_atribut_json` json NOT NULL,
  `kelas_aktual` varchar(50) DEFAULT NULL,
  `kelas_prediksi` varchar(50) DEFAULT NULL,
  `created_at` timestamp DEFAULT CURRENT_TIMESTAMP,
  PRIMARY KEY (`id_data_uji`),
  KEY `id_dataset` (`id_dataset`),
  KEY `id_pasien` (`id_pasien`)
) ENGINE=InnoDB DEFAULT CHARSET=utf8mb4;

-- 8. Tabel model_klasifikasi
CREATE TABLE `model_klasifikasi` (
  `id_model` int(11) NOT NULL AUTO_INCREMENT,
  `id_dataset` int(11) NOT NULL,
  `nama_model` varchar(100) NOT NULL,
  `algoritma` varchar(50) DEFAULT 'C4.5',
  `parameter` text DEFAULT NULL,
  `akurasi` float DEFAULT NULL,
  `presisi` json DEFAULT NULL,
  `recall` json DEFAULT NULL,
  `f1_score` json DEFAULT NULL,
  `confusion_matrix_json` json DEFAULT NULL,
  `created_at` timestamp DEFAULT CURRENT_TIMESTAMP,
  PRIMARY KEY (`id_model`),
  KEY `id_dataset` (`id_dataset`)
) ENGINE=InnoDB DEFAULT CHARSET=utf8mb4;

-- 9. Tabel pohon_keputusan
CREATE TABLE `pohon_keputusan` (
  `id_pohon` int(11) NOT NULL AUTO_INCREMENT,
  `id_model` int(11) NOT NULL,
  `struktur_pohon` longblob DEFAULT NULL,
  `total_node` int(11) DEFAULT 0,
  `kedalaman_maks` int(11) DEFAULT 0,
  `created_at` timestamp DEFAULT CURRENT_TIMESTAMP,
  PRIMARY KEY (`id_pohon`),
  KEY `id_model` (`id_model`)
) ENGINE=InnoDB DEFAULT CHARSET=utf8mb4;

-- 10. Tabel node_pohon
CREATE TABLE `node_pohon` (
  `id_node` int(11) NOT NULL AUTO_INCREMENT,
  `id_pohon` int(11) NOT NULL,
  `id_parent` int(11) DEFAULT NULL,
  `tipe_node` enum('akar','internal','daun') NOT NULL,
  `atribut` varchar(100) DEFAULT NULL,
  `nilai_penghubung` varchar(255) DEFAULT NULL,
  `label_kelas` varchar(50) DEFAULT NULL,
  `entropy` float DEFAULT NULL,
  `gain` float DEFAULT NULL,
  `jumlah_kasus` int(11) DEFAULT NULL,
  `distribusi_kelas` json DEFAULT NULL,
  PRIMARY KEY (`id_node`),
  KEY `id_pohon` (`id_pohon`),
  KEY `id_parent` (`id_parent`)
) ENGINE=InnoDB DEFAULT CHARSET=utf8mb4;

-- 11. Tabel aturan_klasifikasi
CREATE TABLE `aturan_klasifikasi` (
  `id_aturan` int(11) NOT NULL AUTO_INCREMENT,
  `id_model` int(11) NOT NULL,
  `aturan_teks` text DEFAULT NULL,
  `label_tindakan` varchar(50) DEFAULT NULL,
  `confidence` float DEFAULT NULL,
  `created_at` timestamp DEFAULT CURRENT_TIMESTAMP,
  PRIMARY KEY (`id_aturan`),
  KEY `id_model` (`id_model`)
) ENGINE=InnoDB DEFAULT CHARSET=utf8mb4;

-- 12. Tabel hasil_klasifikasi
CREATE TABLE `hasil_klasifikasi` (
  `id_hasil` int(11) NOT NULL AUTO_INCREMENT,
  `id_pasien` int(11) NOT NULL,
  `id_model` int(11) NOT NULL,
  `usia_pasien` varchar(50) DEFAULT NULL,
  `jenis_kelamin` varchar(10) DEFAULT NULL,
  `keluhan_pasien` varchar(100) DEFAULT NULL,
  `riwayat_pasien` varchar(100) DEFAULT NULL,
  `hasil_prediksi` varchar(50) DEFAULT NULL,
  `tindakan_aktual` varchar(50) DEFAULT NULL,
  `validasi` enum('sesuai','tidak sesuai') DEFAULT NULL,
  `created_at` timestamp DEFAULT CURRENT_TIMESTAMP,
  PRIMARY KEY (`id_hasil`),
  KEY `id_pasien` (`id_pasien`),
  KEY `id_model` (`id_model`)
) ENGINE=InnoDB DEFAULT CHARSET=utf8mb4;

-- 13. Tabel log_aktivitas
CREATE TABLE `log_aktivitas` (
  `id_log` int(11) NOT NULL AUTO_INCREMENT,
  `id_pengguna` int(11) DEFAULT NULL,
  `aktivitas` varchar(255) NOT NULL,
  `endpoint` varchar(255) DEFAULT NULL,
  `ip_address` varchar(45) DEFAULT NULL,
  `user_agent` text DEFAULT NULL,
  `created_at` timestamp DEFAULT CURRENT_TIMESTAMP,
  PRIMARY KEY (`id_log`),
  KEY `id_pengguna` (`id_pengguna`)
) ENGINE=InnoDB DEFAULT CHARSET=utf8mb4;

-- DATA DUMMY AWAL
INSERT INTO `pengguna` (`username`, `password`, `nama_lengkap`, `level`, `status`) VALUES
('admin', 'admin', 'Administrator Sistem', 'admin', 'aktif'),
('petugas', 'petugas', 'Petugas Rekam Medis', 'petugas', 'aktif');

INSERT INTO `dataset` (`nama_dataset`, `sumber`, `jumlah_record`, `jumlah_atribut`, `deskripsi`) VALUES
('Dataset Klasifikasi Gigi v1', 'Rumah Sakit Gigi dan Mulut USU', 224, 4, 'Data pasien gigi 2024-2025 untuk algoritma C4.5');

INSERT INTO `atribut` (`id_dataset`, `nama_atribut`, `tipe_data`, `nilai_mungkin`, `is_target`) VALUES
(1, 'Usia', 'kategorikal', 'Anak,Remaja,Dewasa,Lansia', 0),
(1, 'Jenis_Kelamin', 'kategorikal', 'L,P', 0),
(1, 'Keluhan_Utama', 'kategorikal', 'K1,K2,K3,K4,K5,K6', 0),
(1, 'Riwayat_Penyakit', 'kategorikal', 'Ada,Tidak Ada', 0),
(1, 'Tindakan', 'kategorikal', 'T1,T2,T3,T4,T5,T6', 1);

-- DATA PASIEN RSGM USU & DATA LATIH
INSERT INTO `pasien` (`id_pasien`, `nomor_rm`, `nama`, `usia`, `jenis_kelamin`, `alamat`) VALUES
(1, 'RM-001', 'AJEMI WIBOWO', 50, 'L', 'Medan'),
(2, 'RM-002', 'JUNIAR ELISABETH MANIHURUK', 12, 'P', 'Medan'),
(3, 'RM-003', 'SITI RIBUAN', 57, 'P', 'Medan'),
(4, 'RM-004', 'RIKA NURJANNA', 43, 'P', 'Medan'),
(5, 'RM-005', 'YETTI IDINAR S', 72, 'L', 'Medan'),
(6, 'RM-006', 'DEDEK SUHENDRA', 61, 'P', 'Medan'),
(7, 'RM-007', 'SUPIANI', 23, 'L', 'Medan'),
(8, 'RM-008', 'LENNY NASUTION', 31, 'P', 'Medan'),
(9, 'RM-009', 'MUHAMMAD IQBAL', 8, 'P', 'Medan'),
(10, 'RM-010', 'RIO HERLANGGA ATMAJA', 22, 'L', 'Medan'),
(11, 'RM-011', 'MARISA HAMDAN NASUTION', 51, 'L', 'Medan'),
(12, 'RM-012', 'MARVEL ALIANDO', 75, 'L', 'Medan'),
(13, 'RM-013', 'H SURONO', 21, 'P', 'Medan'),
(14, 'RM-014', 'SUMIANI', 50, 'L', 'Medan'),
(15, 'RM-015', 'PRISKA PUTRI', 48, 'L', 'Medan'),
(16, 'RM-016', 'INDRA WAHYUDI', 47, 'L', 'Medan'),
(17, 'RM-017', 'IRWANTO P', 8, 'L', 'Medan'),
(18, 'RM-018', 'RUSLI HASIBUAN', 61, 'P', 'Medan'),
(19, 'RM-019', 'DINA MASRURA', 52, 'L', 'Medan'),
(20, 'RM-020', 'AL FATTAR MAULANA', 14, 'L', 'Medan'),
(21, 'RM-021', 'ROMADY', 32, 'L', 'Medan'),
(22, 'RM-022', 'JONATHAN JALIO KELIAT', 31, 'L', 'Medan'),
(23, 'RM-023', 'SUKRI', 59, 'P', 'Medan'),
(24, 'RM-024', 'legiyem', 26, 'P', 'Medan'),
(25, 'RM-025', 'SEKAR YULI HARAHAP', 51, 'L', 'Medan'),
(26, 'RM-026', 'MHD ARKHAN RAFAEYZA', 11, 'L', 'Medan'),
(27, 'RM-027', 'JUMPA IDAH SDR TUMANGGOR', 57, 'P', 'Medan'),
(28, 'RM-028', 'AULIA RACHMAN MUKMININ', 60, 'L', 'Medan'),
(29, 'RM-029', 'HARRY CHRISTIAN', 60, 'L', 'Medan'),
(30, 'RM-030', 'SAKILA SYAFITRI NASUTION', 17, 'L', 'Medan'),
(31, 'RM-031', 'THANIA AZARYA RUMAHORBO', 62, 'L', 'Medan'),
(32, 'RM-032', 'MHD NICO HABIBI', 25, 'P', 'Medan'),
(33, 'RM-033', 'ERPIN SUTRISNO PANE', 33, 'L', 'Medan'),
(34, 'RM-034', 'AISYAH HUMAIROH', 22, 'P', 'Medan'),
(35, 'RM-035', 'CHRISTIAN MARULI KI TOV S', 27, 'L', 'Medan'),
(36, 'RM-036', 'AZALEA KHALIQA DZAHIN', 10, 'L', 'Medan'),
(37, 'RM-037', 'ESTER KLAUDIAN BUULOLO', 46, 'P', 'Medan'),
(38, 'RM-038', 'NINDIH SELVIAH LAIA', 56, 'P', 'Medan'),
(39, 'RM-039', 'ATIK PUJAWATI', 45, 'L', 'Medan'),
(40, 'RM-040', 'ARIRA SYAHPUTRI', 19, 'P', 'Medan'),
(41, 'RM-041', 'FEBIOLA', 29, 'P', 'Medan'),
(42, 'RM-042', 'PANJI PERDANA', 43, 'L', 'Medan'),
(43, 'RM-043', 'LARAS NISA ARDANI', 71, 'L', 'Medan'),
(44, 'RM-044', 'FRISTA ARYANI AQILA', 59, 'P', 'Medan'),
(45, 'RM-045', 'KEYSA NADIRA', 40, 'L', 'Medan'),
(46, 'RM-046', 'SUSANTI', 65, 'L', 'Medan'),
(47, 'RM-047', 'DARTODAYKA LIMBONG', 8, 'P', 'Medan'),
(48, 'RM-048', 'ZAKIYAH SYABANIAH', 68, 'P', 'Medan'),
(49, 'RM-049', 'FRISTA ARYANI AQILA', 61, 'L', 'Medan'),
(50, 'RM-050', 'AQIL AL QATANY TANJUNG', 55, 'L', 'Medan'),
(51, 'RM-051', 'AZMYA AZAHRA', 64, 'P', 'Medan'),
(52, 'RM-052', 'NOVITA SARI BR GULTOM', 18, 'P', 'Medan'),
(53, 'RM-053', 'RADITIYA WIJAYA', 18, 'P', 'Medan'),
(54, 'RM-054', 'ARIF SETIAWAN DAENG', 27, 'L', 'Medan'),
(55, 'RM-055', 'MARSYALOAN SIBURIAN', 10, 'L', 'Medan'),
(56, 'RM-056', 'PRISKA PUTRI', 10, 'P', 'Medan'),
(57, 'RM-057', 'UMAR ALRASYID', 39, 'P', 'Medan'),
(58, 'RM-058', 'EMI SUHARTI', 75, 'P', 'Medan'),
(59, 'RM-059', 'JEBRI ABUL KORIH', 24, 'L', 'Medan'),
(60, 'RM-060', 'HAYA AFIQA SARI', 59, 'L', 'Medan'),
(61, 'RM-061', 'GEERTHINII', 28, 'L', 'Medan'),
(62, 'RM-062', 'ZULKARNAIN RADEN RASYID ISKANDAR', 61, 'L', 'Medan'),
(63, 'RM-063', 'SELVI ADEK SAVALAH DAMANIK', 35, 'P', 'Medan'),
(64, 'RM-064', 'MICHAEL THEODORE HAREFA', 37, 'P', 'Medan'),
(65, 'RM-065', 'ROMA ULINA HARAHAP', 10, 'P', 'Medan'),
(66, 'RM-066', 'ELYA NOVITA SARI PUTRI', 14, 'L', 'Medan'),
(67, 'RM-067', 'DEDEK SETIAWAN', 61, 'L', 'Medan'),
(68, 'RM-068', 'ROSNANINGSIH', 11, 'P', 'Medan'),
(69, 'RM-069', 'AL FATTAR MAULANA', 51, 'L', 'Medan'),
(70, 'RM-070', 'PUTRINISMEN MARUNDURI', 49, 'L', 'Medan'),
(71, 'RM-071', 'HESTY NOVALINA BR GINTING', 49, 'P', 'Medan'),
(72, 'RM-072', 'M REYHAN PRATAMA', 75, 'L', 'Medan'),
(73, 'RM-073', 'REZA ANDIKA SIREGAR', 37, 'L', 'Medan'),
(74, 'RM-074', 'YUSMAIDAR', 19, 'P', 'Medan'),
(75, 'RM-075', 'JEBRI ABUL KORIH', 7, 'P', 'Medan'),
(76, 'RM-076', 'SUKRI', 55, 'P', 'Medan'),
(77, 'RM-077', 'DESIS TRY YANTI GULO', 10, 'P', 'Medan'),
(78, 'RM-078', 'AL ARKHAN GIFARI', 14, 'L', 'Medan'),
(79, 'RM-079', 'MUAMAR KHADAFI ARITONANG', 31, 'L', 'Medan'),
(80, 'RM-080', 'HAGAI PURBA', 11, 'L', 'Medan'),
(81, 'RM-081', 'PARIATI', 60, 'L', 'Medan'),
(82, 'RM-082', 'ALYA NUR AULIA', 14, 'P', 'Medan'),
(83, 'RM-083', 'ZAHRA NUR AMALIAH', 33, 'L', 'Medan'),
(84, 'RM-084', 'SUSANTI', 26, 'L', 'Medan'),
(85, 'RM-085', 'ALEXIS TIMOTHY PRATAMA TARIGAN', 15, 'P', 'Medan'),
(86, 'RM-086', 'NAUFAL AFKAR', 34, 'P', 'Medan'),
(87, 'RM-087', 'ALYSHA ZAHRO SIREGAR', 25, 'P', 'Medan'),
(88, 'RM-088', 'YERNIATI LAOLI', 54, 'L', 'Medan'),
(89, 'RM-089', 'MARGARETHA KEZIA O BR SIBARANI', 70, 'P', 'Medan'),
(90, 'RM-090', 'NAWIR', 24, 'P', 'Medan'),
(91, 'RM-091', 'LISTA LAMRIA', 38, 'L', 'Medan'),
(92, 'RM-092', 'SAFFA ALYA', 16, 'P', 'Medan'),
(93, 'RM-093', 'NGALOU SEMBIRING', 44, 'P', 'Medan'),
(94, 'RM-094', 'YUNITA', 48, 'P', 'Medan'),
(95, 'RM-095', 'WARDIANA', 29, 'P', 'Medan'),
(96, 'RM-096', 'MHD NICO HABIBI', 11, 'L', 'Medan'),
(97, 'RM-097', 'MARISA HAMDAN NASUTION', 35, 'P', 'Medan'),
(98, 'RM-098', 'EARLITHA ARSYFA LUBIS', 20, 'L', 'Medan'),
(99, 'RM-099', 'CANTIKA RESANSHA', 23, 'L', 'Medan'),
(100, 'RM-100', 'MAISHA FAYYHANA AZZAHRA', 35, 'L', 'Medan'),
(101, 'RM-101', 'FITRI YANINGSIH', 18, 'P', 'Medan'),
(102, 'RM-102', 'DAFFA SYAHREZA PUTRA', 25, 'L', 'Medan'),
(103, 'RM-103', 'HARIANI', 73, 'L', 'Medan'),
(104, 'RM-104', 'RAVENA SAFITRI TAMPUBOLON', 23, 'L', 'Medan'),
(105, 'RM-105', 'KASIH CINTA LAURA', 28, 'P', 'Medan'),
(106, 'RM-106', 'IDA ISMAIL', 69, 'P', 'Medan'),
(107, 'RM-107', 'SUTRISNO', 74, 'L', 'Medan'),
(108, 'RM-108', 'ALBHI AKBAR', 23, 'P', 'Medan'),
(109, 'RM-109', 'ELVI NORA TOBING', 63, 'L', 'Medan'),
(110, 'RM-110', 'GHANIA HUZAIMAH DIRAN', 46, 'L', 'Medan'),
(111, 'RM-111', 'ASIFA PUTRI CANTIKA', 19, 'P', 'Medan'),
(112, 'RM-112', 'SASTRA AZI SAPUTRA', 38, 'P', 'Medan'),
(113, 'RM-113', 'MARIANA JUNI ARTA SINAGA', 23, 'P', 'Medan'),
(114, 'RM-114', 'ROBEDT PARHUSIP', 42, 'P', 'Medan'),
(115, 'RM-115', 'SITI RIBUAN', 17, 'P', 'Medan'),
(116, 'RM-116', 'ZAHWA NUR AMANAH', 74, 'L', 'Medan'),
(117, 'RM-117', 'SRI DEWI', 24, 'P', 'Medan'),
(118, 'RM-118', 'M IQBAL ALPRIANDHI', 11, 'P', 'Medan'),
(119, 'RM-119', 'SUYANI', 40, 'L', 'Medan'),
(120, 'RM-120', 'AHMAD NUKMAN AL HASBY', 39, 'L', 'Medan'),
(121, 'RM-121', 'MUHAMMAD RIZKY IRAWAN', 39, 'P', 'Medan'),
(122, 'RM-122', 'STEFFIE GOVIANI', 18, 'P', 'Medan'),
(123, 'RM-123', 'LARA SATI NDURU', 27, 'L', 'Medan'),
(124, 'RM-124', 'MHD NICO HABIBI', 44, 'L', 'Medan'),
(125, 'RM-125', 'INDRA PRAYUDHA TINAMBUNAN', 63, 'L', 'Medan'),
(126, 'RM-126', 'SELLY SIMANJUNTAK', 36, 'P', 'Medan'),
(127, 'RM-127', 'BILQIS RUM HAFSAH', 24, 'L', 'Medan'),
(128, 'RM-128', 'SADRAKH ELDORA PURBA', 20, 'L', 'Medan'),
(129, 'RM-129', 'DEWI MAULANI', 16, 'P', 'Medan'),
(130, 'RM-130', 'FIOLA YULIANDA', 54, 'P', 'Medan'),
(131, 'RM-131', 'SAFFA ALYA', 8, 'L', 'Medan'),
(132, 'RM-132', 'MUHAMMAD NUR', 12, 'L', 'Medan'),
(133, 'RM-133', 'EVIN NOVITASARI', 7, 'P', 'Medan'),
(134, 'RM-134', 'FEBRI HENING WATIBUULOLO', 63, 'P', 'Medan'),
(135, 'RM-135', 'GHANIA HUZAIMAH DIRAN', 9, 'L', 'Medan'),
(136, 'RM-136', 'KHALID AZ ZUBAYR PRABOWO', 13, 'P', 'Medan'),
(137, 'RM-137', 'NADIVA ARKANA SAKHI', 63, 'P', 'Medan'),
(138, 'RM-138', 'MARGARETHA KEZIA O BR SIBARANI', 66, 'L', 'Medan'),
(139, 'RM-139', 'INNE MUETIA HARUN', 73, 'P', 'Medan'),
(140, 'RM-140', 'ANUGERAH BLESSING SILITONGA', 24, 'P', 'Medan'),
(141, 'RM-141', 'GEERTHINII', 20, 'L', 'Medan'),
(142, 'RM-142', 'ZULKARNAEN', 74, 'L', 'Medan'),
(143, 'RM-143', 'LARAS NISA ARDANI', 18, 'P', 'Medan'),
(144, 'RM-144', 'LEGIMIN', 21, 'L', 'Medan'),
(145, 'RM-145', 'IRWANSYAH', 54, 'L', 'Medan'),
(146, 'RM-146', 'ADI SUWANTO', 64, 'L', 'Medan'),
(147, 'RM-147', 'NAZLA CITA ALPRIANI', 9, 'P', 'Medan'),
(148, 'RM-148', 'HASBI PRATAMA', 58, 'P', 'Medan'),
(149, 'RM-149', 'LAILA SARI JONAIDI', 59, 'P', 'Medan'),
(150, 'RM-150', 'SAFFA ALYA', 49, 'P', 'Medan'),
(151, 'RM-151', 'MARIADI', 72, 'P', 'Medan'),
(152, 'RM-152', 'AZMYA AZAHRA', 26, 'L', 'Medan'),
(153, 'RM-153', 'FORTINA LUMBANGAOL', 38, 'P', 'Medan'),
(154, 'RM-154', 'MUHAMMAD ALZAKIR', 28, 'P', 'Medan'),
(155, 'RM-155', 'VINA AMELIA', 58, 'L', 'Medan'),
(156, 'RM-156', 'PUTRI WULANDARI', 35, 'L', 'Medan'),
(157, 'RM-157', 'RAYMOND JEFFRY BERTRAND PORIE', 13, 'P', 'Medan'),
(158, 'RM-158', 'CITRA WAHANA SIHOMBING', 62, 'L', 'Medan'),
(159, 'RM-159', 'NAURA KHAIRUNNISA LUBIS', 21, 'L', 'Medan'),
(160, 'RM-160', 'AURELIA QUINSHA ZIVARA RAHMAN', 38, 'L', 'Medan'),
(161, 'RM-161', 'EDWARD ALVARO SIMBOLON', 14, 'P', 'Medan'),
(162, 'RM-162', 'PEN BR SEMBIRING', 70, 'P', 'Medan'),
(163, 'RM-163', 'INA SILA', 32, 'P', 'Medan'),
(164, 'RM-164', 'MUHAMMAD ALFARIZI ILMADINA', 42, 'P', 'Medan'),
(165, 'RM-165', 'MERANTI KANAYA PANGARIBUAN', 35, 'P', 'Medan'),
(166, 'RM-166', 'MIKHAILA ARCI QUENN', 69, 'L', 'Medan'),
(167, 'RM-167', 'LIDIA YOHANA BR SIHITE', 50, 'L', 'Medan'),
(168, 'RM-168', 'MUHAMMAD ARKAAN AL RAIS', 39, 'P', 'Medan'),
(169, 'RM-169', 'ARSHAKA VIRENDTA SHAFWAN', 59, 'P', 'Medan'),
(170, 'RM-170', 'VANYA LARYSTHA PUTRI SEMBIRING', 19, 'L', 'Medan'),
(171, 'RM-171', 'JIHAN AZZAHRA', 38, 'P', 'Medan'),
(172, 'RM-172', 'GERALDINE ESTEVANI SITIO', 49, 'L', 'Medan'),
(173, 'RM-173', 'RICO VERNANDEZ SIMANJUNTAK', 69, 'L', 'Medan'),
(174, 'RM-174', 'ILHAM PRATAMA SIREGAR', 54, 'L', 'Medan'),
(175, 'RM-175', 'PARSAORAN', 40, 'P', 'Medan'),
(176, 'RM-176', 'DAFA CHRISTOFER SITUMEANG', 45, 'P', 'Medan'),
(177, 'RM-177', 'AZMYA AZAHRA', 21, 'P', 'Medan'),
(178, 'RM-178', 'GERRY ANDRIANTO SIMARMATA', 53, 'P', 'Medan'),
(179, 'RM-179', 'NAIRA YURISAH HADISTY', 27, 'P', 'Medan'),
(180, 'RM-180', 'AL FATTAR MAULANA', 64, 'P', 'Medan'),
(181, 'RM-181', 'SITI FATIMAH', 57, 'L', 'Medan'),
(182, 'RM-182', 'AISYAH LATIFA MALAYEKA', 55, 'P', 'Medan'),
(183, 'RM-183', 'ALFISYAHRI REZA AR-RAHMAN', 59, 'L', 'Medan'),
(184, 'RM-184', 'AZKA ALQINDI', 55, 'P', 'Medan'),
(185, 'RM-185', 'SITI HERLINA HAYATI', 26, 'L', 'Medan'),
(186, 'RM-186', 'YUSNIAR', 35, 'P', 'Medan'),
(187, 'RM-187', 'AL FATTAR MAULANA', 41, 'L', 'Medan'),
(188, 'RM-188', 'AZALEA FAIHA ALBAR', 52, 'L', 'Medan'),
(189, 'RM-189', 'ABIYOSO KUSUMO WARDHANA', 10, 'L', 'Medan'),
(190, 'RM-190', 'ROSITA NASUTION', 59, 'L', 'Medan'),
(191, 'RM-191', 'ZAFRAN MAULANA AL GHIFARI', 48, 'L', 'Medan'),
(192, 'RM-192', 'ADI DARMAWAN', 61, 'P', 'Medan'),
(193, 'RM-193', 'Dra BALKIS', 26, 'L', 'Medan'),
(194, 'RM-194', 'ROSION LUMBANGAOL', 24, 'L', 'Medan'),
(195, 'RM-195', 'DARA AMANDA HASIBUAN', 17, 'P', 'Medan'),
(196, 'RM-196', 'MUHAMMAD HAFIZ HASIBUAN', 41, 'L', 'Medan'),
(197, 'RM-197', 'ATIK PUJAWATI', 42, 'L', 'Medan'),
(198, 'RM-198', 'RUTH VIDIA LARAS BR SIALLAGAN', 63, 'L', 'Medan'),
(199, 'RM-199', 'ANUGRAH ADINDRA SAPUTRA', 62, 'L', 'Medan'),
(200, 'RM-200', 'ANUGRAH ADINDRA SAPUTRA', 72, 'P', 'Medan'),
(201, 'RM-201', 'IBRAHIM', 72, 'P', 'Medan'),
(202, 'RM-202', 'MUTIARA KASIH SIREGAR', 63, 'L', 'Medan'),
(203, 'RM-203', 'AINUN NURUL PRATIWI', 19, 'L', 'Medan'),
(204, 'RM-204', 'REGHANIA ENDA CHIOTA BR BUKIT', 33, 'P', 'Medan'),
(205, 'RM-205', 'SASTRA AZI SAPUTRA', 15, 'P', 'Medan'),
(206, 'RM-206', 'ATHAYA RASYA FAEYZA HARAHAP', 29, 'P', 'Medan'),
(207, 'RM-207', 'NAOMI MAHARANI BR SIAGIAN', 27, 'L', 'Medan'),
(208, 'RM-208', 'KANAYA RAFIVA', 61, 'P', 'Medan'),
(209, 'RM-209', 'MARVEL ALIANDO', 50, 'L', 'Medan'),
(210, 'RM-210', 'DASNEL DRS', 16, 'L', 'Medan'),
(211, 'RM-211', 'GUSTINA MENTARI', 12, 'P', 'Medan'),
(212, 'RM-212', 'MUHAMMAD GHATSA AZHAR LUBIS', 68, 'L', 'Medan'),
(213, 'RM-213', 'M. FARHAN HUSAINI LUBIS', 69, 'P', 'Medan'),
(214, 'RM-214', 'HURIZIHAN RALLINE AZKHADINA', 23, 'L', 'Medan'),
(215, 'RM-215', 'MUHAMMAD YAQUB ALJARKHI', 71, 'P', 'Medan'),
(216, 'RM-216', 'JOHANES B SITANGGANG', 13, 'P', 'Medan'),
(217, 'RM-217', 'ATHALLA RAISA FADILLAH HARAHAP', 9, 'L', 'Medan'),
(218, 'RM-218', 'NURAINI', 11, 'P', 'Medan'),
(219, 'RM-219', 'VIRZA RAZ SULAIMAN', 39, 'L', 'Medan'),
(220, 'RM-220', 'RIZKYA NURDILA AMIR', 59, 'P', 'Medan'),
(221, 'RM-221', 'SUPRIONO', 68, 'P', 'Medan'),
(222, 'RM-222', 'MHD NICO HABIBI', 56, 'L', 'Medan'),
(223, 'RM-223', 'PUTRI RAISYAH SYABILA', 40, 'P', 'Medan'),
(224, 'RM-224', 'MOHD RAZIQ ALI ASSAURI NASUTION', 53, 'P', 'Medan');

INSERT INTO `rekam_medis` (`id_rm`, `id_pasien`, `id_pengguna`, `tanggal_kunjungan`, `keluhan_utama`, `riwayat_penyakit`, `hasil_pemeriksaan`, `diagnosis`, `tindakan`, `catatan`) VALUES
(1, 1, 1, '2025-05-16', 'K4', 'Ada', 'Pemeriksaan Klinis', 'Diagnosis Sementara', 'T4', 'Pasien datang dengan keluhan sisa akar depan yang mengganggu karena membuat napas bau dan mengganggu penampilan'),
(2, 2, 1, '2025-05-16', 'K1', 'Tidak Ada', 'Pemeriksaan Klinis', 'Diagnosis Sementara', 'T1', 'pasien datang dengan keluhan gigi berlubang dan ingin dilakukan perawatan'),
(3, 3, 1, '2025-05-16', 'K1', 'Ada', 'Pemeriksaan Klinis', 'Diagnosis Sementara', 'T1', 'Pasien datang dengan keluhan gigi depan atas berlubang besar,'),
(4, 4, 1, '2025-05-16', 'K5', 'Ada', 'Pemeriksaan Klinis', 'Diagnosis Sementara', 'T5', 'pasien datang dengan keluhan gigi geraham pertama rahang bawah hilang kanan dan kiri dan pasien ingin dibuatkan gigi tiruan'),
(5, 5, 1, '2025-05-16', 'K4', 'Tidak Ada', 'Pemeriksaan Klinis', 'Diagnosis Sementara', 'T4', 'Pasien datang dengan keluhan adanya sisa akar gigi dan gigi berlubang yang mengganggu dan ingin dilakukan pencabutan untuk dilakukan pembuatan gigi tiruan penuh (GTP)'),
(6, 6, 1, '2025-05-16', 'K1', 'Tidak Ada', 'Pemeriksaan Klinis', 'Diagnosis Sementara', 'T1', 'Pasien datang dengan keluhan gigi berlubang pada gigi geraham kecil dan terasa ngilu apabila makan dan minum dingin ataupun panas'),
(7, 7, 1, '2025-05-16', 'K5', 'Tidak Ada', 'Pemeriksaan Klinis', 'Diagnosis Sementara', 'T5', 'Pasien datang dengan keluhan sulit mengunyah karena mengalami kehilangan gigi sepenuhnya, pasien ingin dilakukan pemasangan gigi palsu'),
(8, 8, 1, '2025-05-16', 'K4', 'Ada', 'Pemeriksaan Klinis', 'Diagnosis Sementara', 'T4', 'pasien datang dengan keluhan sulit mengunyah dan malu karena gigi depan rahang atas dan rahang bawah sudah dicabut'),
(9, 9, 1, '2025-05-16', 'K1', 'Ada', 'Pemeriksaan Klinis', 'Diagnosis Sementara', 'T1', 'pasien datang dengan gigi depan berlubang ,pasien datang dengan keluhan gigi berlubang'),
(10, 10, 1, '2025-05-16', 'K1', 'Ada', 'Pemeriksaan Klinis', 'Diagnosis Sementara', 'T1', 'Terdapat keluhan ingin menambal gigi depan atas'),
(11, 11, 1, '2025-05-16', 'K1', 'Ada', 'Pemeriksaan Klinis', 'Diagnosis Sementara', 'T1', 'Pasien datang dengan keluhan gigi bawah kiri berlubang dan sakit'),
(12, 12, 1, '2025-05-16', 'K4', 'Ada', 'Pemeriksaan Klinis', 'Diagnosis Sementara', 'T4', 'Pasien datang dengan keluhan gigi atas depan patah dan gigi permanen sudah mulai tumbuh dan pasien ingin dilakukan pencabutan'),
(13, 13, 1, '2025-05-16', 'K5', 'Tidak Ada', 'Pemeriksaan Klinis', 'Diagnosis Sementara', 'T5', 'pasien datang dengan keluhan kesulitan mengunyah makanan dan berbicara dikarenakan gigi palsunya sudah hilang dan sudah tidak pas sehingga pasien ingin dibuatkan gigi palsu yang baru'),
(14, 14, 1, '2025-05-16', 'K5', 'Ada', 'Pemeriksaan Klinis', 'Diagnosis Sementara', 'T5', 'Pasien datang dengan keluhan sudah tidak lagi memiliki gigi dan ingin dibuatkan gigi palsu atas bawah'),
(15, 15, 1, '2025-05-16', 'K1', 'Ada', 'Pemeriksaan Klinis', 'Diagnosis Sementara', 'T1', 'Pasien datang dengan keluhan ingin dilakukan perawatan karena gigi berlobang.'),
(16, 16, 1, '2025-05-16', 'K2', 'Ada', 'Pemeriksaan Klinis', 'Diagnosis Sementara', 'T2', 'Pasien datang dengan keluhan gigi geraham kecil atas goyang'),
(17, 17, 1, '2025-05-16', 'K1', 'Tidak Ada', 'Pemeriksaan Klinis', 'Diagnosis Sementara', 'T1', 'pasien datang dengan keluhan terdapat gigi berlubang pada gigi belakang bawah dan tidak nyaman saat makan'),
(18, 18, 1, '2025-05-16', 'K2', 'Ada', 'Pemeriksaan Klinis', 'Diagnosis Sementara', 'T2', 'Pasien datang dengan keluhan terdapat luka disudut mulut sebelah kanan selama 2 minggu terasa gatal, sakit dan berdarah ketika makan'),
(19, 19, 1, '2025-05-16', 'K1', 'Tidak Ada', 'Pemeriksaan Klinis', 'Diagnosis Sementara', 'T1', 'pasien datang mengeluhkan lula di sudut mulut terasa perih saat makan sejak 3 hari'),
(20, 20, 1, '2025-05-16', 'K1', 'Ada', 'Pemeriksaan Klinis', 'Diagnosis Sementara', 'T1', 'pasien datang dengan keluhan gigi geraham belakang kanan bawah sakit dan berlubang sejak 2 bulan'),
(21, 21, 1, '2025-05-16', 'K2', 'Ada', 'Pemeriksaan Klinis', 'Diagnosis Sementara', 'T2', 'pasien datang dengan keluhan gigi geraham atas terasa goyang dan gusi turun'),
(22, 22, 1, '2025-05-16', 'K2', 'Tidak Ada', 'Pemeriksaan Klinis', 'Diagnosis Sementara', 'T2', 'Pasien datang dengan keluhan gigi depan goyang'),
(23, 23, 1, '2025-05-16', 'K1', 'Tidak Ada', 'Pemeriksaan Klinis', 'Diagnosis Sementara', 'T1', 'Pasien datang dengan keluhan gigi sebelah kanan atas berlubang. Pasien ingin dilakukan perawatan'),
(24, 24, 1, '2025-05-16', 'K1', 'Ada', 'Pemeriksaan Klinis', 'Diagnosis Sementara', 'T1', 'Pasien datang dengan keluhan gigi belakang atas kiri dan belakang bawah kiri berlubang besar serta mengeluhkan kurang nyaman karena sering tersangkut sisa makanan'),
(25, 25, 1, '2025-05-16', 'K1', 'Ada', 'Pemeriksaan Klinis', 'Diagnosis Sementara', 'T1', 'Pasien datang dengan keluhan gigi bagian belakang terkikis cekung berbentuk V'),
(26, 26, 1, '2025-05-16', 'K2', 'Ada', 'Pemeriksaan Klinis', 'Diagnosis Sementara', 'T2', 'pasien datang dengan keluhan gigi berlubang dan sudah goyang'),
(27, 27, 1, '2025-05-16', 'K1', 'Tidak Ada', 'Pemeriksaan Klinis', 'Diagnosis Sementara', 'T1', 'Pasien merasa tidak nyaman dan sedikit ngilu saat minum-minuman dingin. Pasien ingin dilakukan perawatan.'),
(28, 28, 1, '2025-05-16', 'K1', 'Tidak Ada', 'Pemeriksaan Klinis', 'Diagnosis Sementara', 'T1', 'Pasien datang dengan keluhan di antara sela gigibelakang menghitam. Pasien merasa tidak nyaman dansedikit ngilu saat minum-minuman dingin'),
(29, 29, 1, '2025-05-16', 'K1', 'Tidak Ada', 'Pemeriksaan Klinis', 'Diagnosis Sementara', 'T1', 'Pasien datang ingin kontrol orto'),
(30, 30, 1, '2025-05-16', 'K1', 'Ada', 'Pemeriksaan Klinis', 'Diagnosis Sementara', 'T1', 'pasien datang dengan keluhan gigi berlubang pada gigi belakang kiri rahang atas dan ingin dilakukan penambalan'),
(31, 31, 1, '2025-05-16', 'K1', 'Tidak Ada', 'Pemeriksaan Klinis', 'Diagnosis Sementara', 'T1', 'Pasien datang dengan keluhan ingin memperbaiki gigi belakangnya yang Berlubang'),
(32, 32, 1, '2025-05-16', 'K1', 'Tidak Ada', 'Pemeriksaan Klinis', 'Diagnosis Sementara', 'T1', 'pasien datang dengan keluhan gigi patah dan berlubang'),
(33, 33, 1, '2025-05-16', 'K1', 'Tidak Ada', 'Pemeriksaan Klinis', 'Diagnosis Sementara', 'T1', 'Pasien datang dengan keluhan gigi berlubang dan ingin dilakukan perawatan'),
(34, 34, 1, '2025-05-16', 'K3', 'Ada', 'Pemeriksaan Klinis', 'Diagnosis Sementara', 'T3', 'Pasien datang dengan keluhan gigi maju dan tidak rapi pada rahang bawah'),
(35, 35, 1, '2025-05-16', 'K3', 'Ada', 'Pemeriksaan Klinis', 'Diagnosis Sementara', 'T3', 'Pasien datang dengan keluhan ingin memperbaiki susunan gigi geligi yang berantakan'),
(36, 36, 1, '2025-05-16', 'K3', 'Ada', 'Pemeriksaan Klinis', 'Diagnosis Sementara', 'T3', 'pasien datang dengan keluhan gigi tidak rapi pada gigi RA&RB'),
(37, 37, 1, '2025-05-16', 'K3', 'Tidak Ada', 'Pemeriksaan Klinis', 'Diagnosis Sementara', 'T3', 'Pasien datang dengan keluhan ingin memperbaiki gigi geligi yang berantakan'),
(38, 38, 1, '2025-05-16', 'K3', 'Ada', 'Pemeriksaan Klinis', 'Diagnosis Sementara', 'T3', 'Pasien datang dengan keluhan gigi nya berantakan'),
(39, 39, 1, '2025-05-16', 'K5', 'Ada', 'Pemeriksaan Klinis', 'Diagnosis Sementara', 'T5', 'Pasien datang dengan keluhan mulut pasien sudah ompong dan ingin memakai Gigi palsu'),
(40, 40, 1, '2025-05-16', 'K3', 'Tidak Ada', 'Pemeriksaan Klinis', 'Diagnosis Sementara', 'T3', 'pasien datang dengan keluhan gigi kurang rapi dan ingin dilakukan perawatan'),
(41, 41, 1, '2025-05-16', 'K3', 'Tidak Ada', 'Pemeriksaan Klinis', 'Diagnosis Sementara', 'T3', 'pasien datang dengan keluhan gigi depan yang tidak rapi di rahang atas dan rahang bawah'),
(42, 42, 1, '2025-05-16', 'K1', 'Tidak Ada', 'Pemeriksaan Klinis', 'Diagnosis Sementara', 'T1', 'Pasien datang dengan keluhan tidak nyaman saat mengunyah pada gigi geraham belakang karena makanan sering tersangkut pada lubang gigi tersebut'),
(43, 43, 1, '2025-05-16', 'K1', 'Ada', 'Pemeriksaan Klinis', 'Diagnosis Sementara', 'T1', 'Pasien datang dengan keluhan terdapat gigi berlubang pada rahang bawah kiri yang sakit'),
(44, 44, 1, '2025-05-16', 'K2', 'Ada', 'Pemeriksaan Klinis', 'Diagnosis Sementara', 'T2', 'Pasien datang dengan keluhan adanya gigi bawah belakang kanan sakit dan bergoyang'),
(45, 45, 1, '2025-05-16', 'K3', 'Tidak Ada', 'Pemeriksaan Klinis', 'Diagnosis Sementara', 'T3', 'Pasien datang dengan keluhan gigi depan bawah berjejal sehingga ingin dilakukan perawatan'),
(46, 46, 1, '2025-05-16', 'K1', 'Ada', 'Pemeriksaan Klinis', 'Diagnosis Sementara', 'T1', 'gigi belakang ngilu'),
(47, 47, 1, '2025-05-16', 'K1', 'Tidak Ada', 'Pemeriksaan Klinis', 'Diagnosis Sementara', 'T1', 'pasien datang dengan keluhan ngilu pada gigi 31 setelah dilakukan perawatan scaling'),
(48, 48, 1, '2025-05-16', 'K6', 'Tidak Ada', 'Pemeriksaan Klinis', 'Diagnosis Sementara', 'T6', 'Pasien datang dengan keluhan luka di bibir bawah bagian dalam sebelah kiri sejak 2 hari yang lalu'),
(49, 49, 1, '2025-05-16', 'K2', 'Ada', 'Pemeriksaan Klinis', 'Diagnosis Sementara', 'T2', 'Pasien datang dengan keluhan adanya gigi bawah belakang kanan sakit dan bergoyang'),
(50, 50, 1, '2025-05-16', 'K4', 'Ada', 'Pemeriksaan Klinis', 'Diagnosis Sementara', 'T4', 'Pasien datang untuk memeriksakan sisa akar dan gigi berlubang pada rongga mulutnya'),
(51, 51, 1, '2025-05-16', 'K1', 'Tidak Ada', 'Pemeriksaan Klinis', 'Diagnosis Sementara', 'T1', 'pasien datang dengan keluhan gigi atas berlubang dan ingin dilakukan perawatan'),
(52, 52, 1, '2025-05-16', 'K1', 'Tidak Ada', 'Pemeriksaan Klinis', 'Diagnosis Sementara', 'T1', 'pasien datang dengan gigi yang berlubang dan mahkota tidak utuh'),
(53, 53, 1, '2025-05-16', 'K1', 'Tidak Ada', 'Pemeriksaan Klinis', 'Diagnosis Sementara', 'T1', 'Pasien datang dengan keluhan banyak gigi belakang berlubang'),
(54, 54, 1, '2025-05-16', 'K1', 'Tidak Ada', 'Pemeriksaan Klinis', 'Diagnosis Sementara', 'T1', 'pasien datang dengan keluhan gigi depan berlubang dan ingin melakukan penambalan'),
(55, 55, 1, '2025-05-16', 'K1', 'Tidak Ada', 'Pemeriksaan Klinis', 'Diagnosis Sementara', 'T1', 'pasien datang dengan keluhan gigi depan patah akibat kecelakaan dan ingin dilakukan perawatan'),
(56, 56, 1, '2025-05-16', 'K1', 'Tidak Ada', 'Pemeriksaan Klinis', 'Diagnosis Sementara', 'T1', 'Pasien datang dengan keluhan gigi terasa ngilu pada gigi geraham belakang kiri atas'),
(57, 57, 1, '2025-05-16', 'K3', 'Tidak Ada', 'Pemeriksaan Klinis', 'Diagnosis Sementara', 'T3', 'pasien datang dengan keluhan Gigi berjejal Dan ingin dilakukan perawatan'),
(58, 58, 1, '2025-05-16', 'K5', 'Tidak Ada', 'Pemeriksaan Klinis', 'Diagnosis Sementara', 'T5', 'pasien datang dengan keluhan ingin menggunakan gigi palsu karena gigi palsu sebelumnya sudah longgar dan tidak bisa digunakan lagi'),
(59, 59, 1, '2025-05-16', 'K1', 'Ada', 'Pemeriksaan Klinis', 'Diagnosis Sementara', 'T1', 'Pasien datang dengan keluhan gigi depan atas patah akibat kecelakaan 6 tahun yang lalu'),
(60, 60, 1, '2025-05-16', 'K3', 'Ada', 'Pemeriksaan Klinis', 'Diagnosis Sementara', 'T3', 'pasien datang dengan keluhan gigi depan atas maju, dan gigi bawah depan berjejal sehingga mengganggu penampilan dan ingin dilakukan perawatan'),
(61, 61, 1, '2025-05-16', 'K2', 'Ada', 'Pemeriksaan Klinis', 'Diagnosis Sementara', 'T2', 'Pasien datang dengan keluhan gusi bengkak pada gigi geraham belakang bawah kiri yang berlubang'),
(62, 62, 1, '2025-05-16', 'K1', 'Tidak Ada', 'Pemeriksaan Klinis', 'Diagnosis Sementara', 'T1', 'pasien datang dengan keluhan gigi berlubang dan dan ingin di lakukan perawatan'),
(63, 63, 1, '2025-05-16', 'K1', 'Tidak Ada', 'Pemeriksaan Klinis', 'Diagnosis Sementara', 'T1', 'Pasien datang dengan keluhan gigi geraham kanan bawah berlubang besar sejak 1 tahun lalu'),
(64, 64, 1, '2025-05-16', 'K1', 'Ada', 'Pemeriksaan Klinis', 'Diagnosis Sementara', 'T1', 'pasien datang dengan keluhan gigi depan patah'),
(65, 65, 1, '2025-05-16', 'K1', 'Ada', 'Pemeriksaan Klinis', 'Diagnosis Sementara', 'T1', 'Pasien datang dengan keluhan gigi yang berlubang'),
(66, 66, 1, '2025-05-16', 'K1', 'Tidak Ada', 'Pemeriksaan Klinis', 'Diagnosis Sementara', 'T1', 'pasien datang dengan keluhan gigi geraham bagian bawah berlubang dan pernah sakit'),
(67, 67, 1, '2025-05-16', 'K1', 'Tidak Ada', 'Pemeriksaan Klinis', 'Diagnosis Sementara', 'T1', 'Pasien datang dengan keluhan gigj berlubang besar pada geraham bawah sebelah kiri.'),
(68, 68, 1, '2025-05-16', 'K1', 'Tidak Ada', 'Pemeriksaan Klinis', 'Diagnosis Sementara', 'T1', 'pasien datang dengan keluhan terdapat gigi graham yang berlubang besar dan ngilu'),
(69, 69, 1, '2025-05-16', 'K1', 'Ada', 'Pemeriksaan Klinis', 'Diagnosis Sementara', 'T1', 'pasien datang dengan keluhan gigi belakang atas dan bawah berlubang'),
(70, 70, 1, '2025-05-16', 'K1', 'Ada', 'Pemeriksaan Klinis', 'Diagnosis Sementara', 'T1', 'pasien datang dengan keluhanan gigi berlubang'),
(71, 71, 1, '2025-05-16', 'K1', 'Tidak Ada', 'Pemeriksaan Klinis', 'Diagnosis Sementara', 'T1', 'pasien datang dengan keluhan gigi atas dan bawah sebagian sudah tidak ada'),
(72, 72, 1, '2025-05-16', 'K1', 'Tidak Ada', 'Pemeriksaan Klinis', 'Diagnosis Sementara', 'T1', 'pasien datang dengan keluhan gigi atas kanan dan kiri berlubang besar'),
(73, 73, 1, '2025-05-16', 'K1', 'Tidak Ada', 'Pemeriksaan Klinis', 'Diagnosis Sementara', 'T1', 'Pasien datang dengan keluhan gigi berlubang besar'),
(74, 74, 1, '2025-05-16', 'K1', 'Ada', 'Pemeriksaan Klinis', 'Diagnosis Sementara', 'T1', 'pasien datang dengan keluhan gigi geraham berlubang besar'),
(75, 75, 1, '2025-05-16', 'K1', 'Tidak Ada', 'Pemeriksaan Klinis', 'Diagnosis Sementara', 'T1', 'Pasien datang dengan keluhan gigi depan atas patah akibat kecelakaan'),
(76, 76, 1, '2025-05-16', 'K1', 'Tidak Ada', 'Pemeriksaan Klinis', 'Diagnosis Sementara', 'T1', 'Pasien datang dengan keluhan gigi sebelah bawah kiri berlubang'),
(77, 77, 1, '2025-05-16', 'K1', 'Ada', 'Pemeriksaan Klinis', 'Diagnosis Sementara', 'T1', 'Pasien datang dengan keluhan gigi depan atas berlubang besar'),
(78, 78, 1, '2025-05-16', 'K3', 'Ada', 'Pemeriksaan Klinis', 'Diagnosis Sementara', 'T3', 'pasien datang dengan keluhan gigi yang maju,'),
(79, 79, 1, '2025-05-16', 'K1', 'Ada', 'Pemeriksaan Klinis', 'Diagnosis Sementara', 'T1', 'Pasien datang dengan keluhan adanya gigi berlubang yang mengganggu'),
(80, 80, 1, '2025-05-16', 'K1', 'Ada', 'Pemeriksaan Klinis', 'Diagnosis Sementara', 'T1', 'pasien mengeluhkan terdapat busuk bewarna kehitaman pada gigi geraham kiri'),
(81, 81, 1, '2025-05-16', 'K1', 'Ada', 'Pemeriksaan Klinis', 'Diagnosis Sementara', 'T1', 'pasien datang dengan keluhan gigi berlubang pada bagian atas gigi'),
(82, 82, 1, '2025-05-16', 'K3', 'Ada', 'Pemeriksaan Klinis', 'Diagnosis Sementara', 'T3', 'Pasien datang dengan gigi keluhan gigi tidak rapi dan ingin dipasangkan behel'),
(83, 83, 1, '2025-05-16', 'K1', 'Tidak Ada', 'Pemeriksaan Klinis', 'Diagnosis Sementara', 'T1', 'Pasien datang dengan keluhan gigi bawah kiri berlubang dan ngilu saat makan dan minum dingin'),
(84, 84, 1, '2025-05-16', 'K2', 'Ada', 'Pemeriksaan Klinis', 'Diagnosis Sementara', 'T2', 'pasien mengeluhkan adanya karang gigi pada gigi depan dan belakang'),
(85, 85, 1, '2025-05-16', 'K1', 'Tidak Ada', 'Pemeriksaan Klinis', 'Diagnosis Sementara', 'T1', 'pasien datang dengan keluhan gigi atas dan bawah tidak rap'),
(86, 86, 1, '2025-05-16', 'K3', 'Tidak Ada', 'Pemeriksaan Klinis', 'Diagnosis Sementara', 'T3', 'pasien datang dengan keluhan gigi berantakan'),
(87, 87, 1, '2025-05-16', 'K3', 'Ada', 'Pemeriksaan Klinis', 'Diagnosis Sementara', 'T3', 'pasien datang dengan keluhan gigi depan atas maju dan tidak rapi'),
(88, 88, 1, '2025-05-16', 'K1', 'Ada', 'Pemeriksaan Klinis', 'Diagnosis Sementara', 'T1', 'pasien datang dengan keluhan gigi depan berlubang dan ingin di tambal'),
(89, 89, 1, '2025-05-16', 'K1', 'Tidak Ada', 'Pemeriksaan Klinis', 'Diagnosis Sementara', 'T1', 'Pasien datang dengan keluhan gigi belakang bawah kiri sakit'),
(90, 90, 1, '2025-05-16', 'K5', 'Ada', 'Pemeriksaan Klinis', 'Diagnosis Sementara', 'T5', 'pasien datang dengan keluhan gigi hilang semuanya dan ingin dibuatkan gigi tiruan'),
(91, 91, 1, '2025-05-16', 'K5', 'Ada', 'Pemeriksaan Klinis', 'Diagnosis Sementara', 'T5', 'Pasien datang dengan keluhan gigi hilang seluruhnya sehingga pasien sulit mengunyah dan kurang percaya diri sehingga ingin dilakukan pemasangan gigi tiruan'),
(92, 92, 1, '2025-05-16', 'K4', 'Ada', 'Pemeriksaan Klinis', 'Diagnosis Sementara', 'T4', 'pasien datang dengan keluhan terdapat sisa akar gigi geraham kanan dan kiri'),
(93, 93, 1, '2025-05-16', 'K2', 'Tidak Ada', 'Pemeriksaan Klinis', 'Diagnosis Sementara', 'T2', 'pasien datang dengan keluhan banyak nya karang gigi'),
(94, 94, 1, '2025-05-16', 'K5', 'Ada', 'Pemeriksaan Klinis', 'Diagnosis Sementara', 'T5', 'pasien datang dengan keluhan gigi sudah hilang'),
(95, 95, 1, '2025-05-16', 'K5', 'Ada', 'Pemeriksaan Klinis', 'Diagnosis Sementara', 'T5', 'Pasien datang dengan keluhan gigi sudah hilang seluruhnya'),
(96, 96, 1, '2025-05-16', 'K1', 'Tidak Ada', 'Pemeriksaan Klinis', 'Diagnosis Sementara', 'T1', 'pasien datang dengan keluhan gigi depan patah dan berlubang'),
(97, 97, 1, '2025-05-16', 'K1', 'Tidak Ada', 'Pemeriksaan Klinis', 'Diagnosis Sementara', 'T1', 'Pasien datang dengan keluhan gigi belakang kanan bawah terasa sakit dan tidak nyaman saat makan.'),
(98, 98, 1, '2025-05-16', 'K3', 'Tidak Ada', 'Pemeriksaan Klinis', 'Diagnosis Sementara', 'T3', 'Pasien datang dengan keluhan gigi depan atas dan bawah kurang rapi'),
(99, 99, 1, '2025-05-16', 'K1', 'Tidak Ada', 'Pemeriksaan Klinis', 'Diagnosis Sementara', 'T1', 'pasien datang dengan keluhan gigi berlubang dan terasa sakit saat makan'),
(100, 100, 1, '2025-05-16', 'K1', 'Ada', 'Pemeriksaan Klinis', 'Diagnosis Sementara', 'T1', 'pasien datang dengan keluhan gigi belakang berlubang dan ingin dilakukan penambalan'),
(101, 101, 1, '2025-05-16', 'K5', 'Ada', 'Pemeriksaan Klinis', 'Diagnosis Sementara', 'T5', 'Pasien datang dengan keluhan gigi sudah hilang seluruhnya dan ingin dipasang gigi palsu'),
(102, 102, 1, '2025-05-16', 'K1', 'Ada', 'Pemeriksaan Klinis', 'Diagnosis Sementara', 'T1', 'pasien datang dengan keluhan gigi renggang pada rahang atas'),
(103, 103, 1, '2025-05-16', 'K4', 'Ada', 'Pemeriksaan Klinis', 'Diagnosis Sementara', 'T4', 'pasien datang dengan keluhan gigi depan atas dan gigi belakang bawah berlubang besar dan ingin dicabut'),
(104, 104, 1, '2025-05-16', 'K1', 'Tidak Ada', 'Pemeriksaan Klinis', 'Diagnosis Sementara', 'T1', 'Pasien datang dengan keluhan gigi belakang kanan bawah berlubang besar.'),
(105, 105, 1, '2025-05-16', 'K1', 'Tidak Ada', 'Pemeriksaan Klinis', 'Diagnosis Sementara', 'T1', 'Pasien datang dengan keluhan gigi belakang bawah yang berlubang besar'),
(106, 106, 1, '2025-05-16', 'K1', 'Tidak Ada', 'Pemeriksaan Klinis', 'Diagnosis Sementara', 'T1', 'pasien datang dengan keluhan gigi berlubang pada insisal'),
(107, 107, 1, '2025-05-16', 'K1', 'Ada', 'Pemeriksaan Klinis', 'Diagnosis Sementara', 'T1', 'Pasien datang dengan keluhan gigi geraham kecil bawah berlubang besar'),
(108, 108, 1, '2025-05-16', 'K3', 'Ada', 'Pemeriksaan Klinis', 'Diagnosis Sementara', 'T3', 'pasien datang dengan keluhan gigi depan tidak rapi dan ingin dilakukan perawatan'),
(109, 109, 1, '2025-05-16', 'K1', 'Tidak Ada', 'Pemeriksaan Klinis', 'Diagnosis Sementara', 'T1', 'Pasien datang dengan keluhan gigi geraham rahang atas kanan berlubang besar'),
(110, 110, 1, '2025-05-16', 'K1', 'Tidak Ada', 'Pemeriksaan Klinis', 'Diagnosis Sementara', 'T1', 'pasien datang dengan keluhan gigi sakit dan berlubang besar dibagian kiri bawah belakang'),
(111, 111, 1, '2025-05-16', 'K1', 'Tidak Ada', 'Pemeriksaan Klinis', 'Diagnosis Sementara', 'T1', 'Pasien datang dengan keluhan gigi geraham bawah kiri berlubang besar'),
(112, 112, 1, '2025-05-16', 'K1', 'Tidak Ada', 'Pemeriksaan Klinis', 'Diagnosis Sementara', 'T1', 'Pasien datang dengan keluhan gigi berlubang besar pada gigi belakang kanan bawah'),
(113, 113, 1, '2025-05-16', 'K2', 'Tidak Ada', 'Pemeriksaan Klinis', 'Diagnosis Sementara', 'T2', 'pasien datang dengan keluhan gusi depan atas terlihat bengkak'),
(114, 114, 1, '2025-05-16', 'K1', 'Tidak Ada', 'Pemeriksaan Klinis', 'Diagnosis Sementara', 'T1', 'Pasien datang dengan keluhan adanya gigi geraham atas dan bawah kanan yang berlubang'),
(115, 115, 1, '2025-05-16', 'K1', 'Ada', 'Pemeriksaan Klinis', 'Diagnosis Sementara', 'T1', 'Pasien datang dengan keluhan gigi depan atas berlubang besar'),
(116, 116, 1, '2025-05-16', 'K1', 'Tidak Ada', 'Pemeriksaan Klinis', 'Diagnosis Sementara', 'T1', 'pasien datang dengan keluhan gigi geraham kiri dan kanan berlubang'),
(117, 117, 1, '2025-05-16', 'K2', 'Ada', 'Pemeriksaan Klinis', 'Diagnosis Sementara', 'T2', 'pasien datang dengan keluhan gigi geraham rahang kanan bawah goyang'),
(118, 118, 1, '2025-05-16', 'K1', 'Tidak Ada', 'Pemeriksaan Klinis', 'Diagnosis Sementara', 'T1', 'Pasien datang dengan keluhan gigi belakang bawah kanan sakit dan ingin dirawat'),
(119, 119, 1, '2025-05-16', 'K5', 'Ada', 'Pemeriksaan Klinis', 'Diagnosis Sementara', 'T5', 'Pasien datang dengan keluhan kehilangan seluruh gigi'),
(120, 120, 1, '2025-05-16', 'K3', 'Ada', 'Pemeriksaan Klinis', 'Diagnosis Sementara', 'T3', 'pasien datang dengan keluhan gigi tidak rapi pada rahang atas dan bawah'),
(121, 121, 1, '2025-05-16', 'K3', 'Tidak Ada', 'Pemeriksaan Klinis', 'Diagnosis Sementara', 'T3', 'Pasien datang dengan keluhan gigi depan atas maju ke depan'),
(122, 122, 1, '2025-05-16', 'K1', 'Tidak Ada', 'Pemeriksaan Klinis', 'Diagnosis Sementara', 'T1', 'Pasien datang dengan keluhan gusi bawah bagian belakang sebelah kiri terasa sakit'),
(123, 123, 1, '2025-05-16', 'K3', 'Ada', 'Pemeriksaan Klinis', 'Diagnosis Sementara', 'T3', 'Pasien datang dengan keluhan gigi depan atas terlalu maju dan gigi depan bawah berjejal'),
(124, 124, 1, '2025-05-16', 'K1', 'Ada', 'Pemeriksaan Klinis', 'Diagnosis Sementara', 'T1', 'pasien datang dengan keluhan gigi depan patah dan berlubang'),
(125, 125, 1, '2025-05-16', 'K1', 'Ada', 'Pemeriksaan Klinis', 'Diagnosis Sementara', 'T1', 'Pasien datang dengan keluhan gigi depan kiri atas yang lebih mundur dari gigi bawah dan gigi depan bawah'),
(126, 126, 1, '2025-05-16', 'K1', 'Ada', 'Pemeriksaan Klinis', 'Diagnosis Sementara', 'T1', 'pasien datang dengan keluhan gigi geraham pecah'),
(127, 127, 1, '2025-05-16', 'K3', 'Ada', 'Pemeriksaan Klinis', 'Diagnosis Sementara', 'T3', 'pasien datang ingin memperbaiki keluhan gigi depan yang terlalu maju dan gigi bawah yang berjejal'),
(128, 128, 1, '2025-05-16', 'K3', 'Tidak Ada', 'Pemeriksaan Klinis', 'Diagnosis Sementara', 'T3', 'Pasien datang dengan keluhan gigi atas dan bawah tidak rapi'),
(129, 129, 1, '2025-05-16', 'K1', 'Tidak Ada', 'Pemeriksaan Klinis', 'Diagnosis Sementara', 'T1', 'Pasien datang dengan keluhan gigi belakang kanan bawah Berlubang besar'),
(130, 130, 1, '2025-05-16', 'K2', 'Ada', 'Pemeriksaan Klinis', 'Diagnosis Sementara', 'T2', 'Pasien datang dengan keluhan gigi atas depan goyang'),
(131, 131, 1, '2025-05-16', 'K4', 'Ada', 'Pemeriksaan Klinis', 'Diagnosis Sementara', 'T4', 'pasien datang dengan keluhan terdapat sisa akar gigi geraham kanan dan kiri'),
(132, 132, 1, '2025-05-16', 'K2', 'Tidak Ada', 'Pemeriksaan Klinis', 'Diagnosis Sementara', 'T2', 'gigi depan bawah goyang'),
(133, 133, 1, '2025-05-16', 'K1', 'Ada', 'Pemeriksaan Klinis', 'Diagnosis Sementara', 'T1', 'pasien datang kembali untuk memeriksakan kembali keluhan mulut keringnya'),
(134, 134, 1, '2025-05-16', 'K5', 'Tidak Ada', 'Pemeriksaan Klinis', 'Diagnosis Sementara', 'T5', 'Pasien datang dengan keluhan kehilangan gigi geraham'),
(135, 135, 1, '2025-05-16', 'K1', 'Tidak Ada', 'Pemeriksaan Klinis', 'Diagnosis Sementara', 'T1', 'pasien datang dengan keluhan gigi kiri bagian bawah belakang berlubang'),
(136, 136, 1, '2025-05-16', 'K1', 'Ada', 'Pemeriksaan Klinis', 'Diagnosis Sementara', 'T1', 'pasien datang dengan keluhan gigi geraham bawah kiri berlubang besar'),
(137, 137, 1, '2025-05-16', 'K1', 'Tidak Ada', 'Pemeriksaan Klinis', 'Diagnosis Sementara', 'T1', 'pasien datang dengan keluhan adanya gigi berlubang sejak 2 bulan lalu pada gigi geraham kiri bawah dan gigi taring kiri atas.'),
(138, 138, 1, '2025-05-16', 'K1', 'Ada', 'Pemeriksaan Klinis', 'Diagnosis Sementara', 'T1', 'Pasien datang dengan keluhan gigi belakang kiri bawah berlubang'),
(139, 139, 1, '2025-05-16', 'K4', 'Ada', 'Pemeriksaan Klinis', 'Diagnosis Sementara', 'T4', 'pasien datang dengan keluhan gigi berlubang dan ingin dilakukan pencabutan'),
(140, 140, 1, '2025-05-16', 'K3', 'Ada', 'Pemeriksaan Klinis', 'Diagnosis Sementara', 'T3', 'Pasien datang dengan keluhan gigi tidak rapi'),
(141, 141, 1, '2025-05-16', 'K2', 'Tidak Ada', 'Pemeriksaan Klinis', 'Diagnosis Sementara', 'T2', 'Pasien datang dengan keluhan gusi bengkak pada gigi geraham belakang'),
(142, 142, 1, '2025-05-16', 'K5', 'Ada', 'Pemeriksaan Klinis', 'Diagnosis Sementara', 'T5', 'pasien datang dengan keluhan gigi hilang keseluruhan'),
(143, 143, 1, '2025-05-16', 'K1', 'Tidak Ada', 'Pemeriksaan Klinis', 'Diagnosis Sementara', 'T1', 'Pasien datang dengan keluhan terdapat gigi berlubang pada rahang bawah kiri yang sakit'),
(144, 144, 1, '2025-05-16', 'K4', 'Ada', 'Pemeriksaan Klinis', 'Diagnosis Sementara', 'T4', 'Pasien datang dengan keluhan gigi yang tertinggal ingin dicabut'),
(145, 145, 1, '2025-05-16', 'K4', 'Ada', 'Pemeriksaan Klinis', 'Diagnosis Sementara', 'T4', 'Pasien datang dengan keluhan gigi goyang dan memiliki sisa akar serta ingin dipasangkan gigi tiruan penuh'),
(146, 146, 1, '2025-05-16', 'K4', 'Ada', 'Pemeriksaan Klinis', 'Diagnosis Sementara', 'T4', 'Pasien datang dengan keluhan gigi seri atas sebelah kiri berlubang dan ingin dilakukan pencabutan'),
(147, 147, 1, '2025-05-16', 'K2', 'Tidak Ada', 'Pemeriksaan Klinis', 'Diagnosis Sementara', 'T2', 'pasien datang dengan keluhan gigi geraham belakang bawah kanan terasa goyang'),
(148, 148, 1, '2025-05-16', 'K1', 'Ada', 'Pemeriksaan Klinis', 'Diagnosis Sementara', 'T1', 'pasien datang dengan keluhan gigi depan dan geraham berlubang'),
(149, 149, 1, '2025-05-16', 'K1', 'Ada', 'Pemeriksaan Klinis', 'Diagnosis Sementara', 'T1', 'Pasien datang dengan keluhan gigi geraham bawah berlubang besar'),
(150, 150, 1, '2025-05-16', 'K1', 'Tidak Ada', 'Pemeriksaan Klinis', 'Diagnosis Sementara', 'T1', 'Pasien datang dengan keluhan terdapat gigi berlubang besar pada rahang bawah sebelah kir'),
(151, 151, 1, '2025-05-16', 'K4', 'Ada', 'Pemeriksaan Klinis', 'Diagnosis Sementara', 'T4', 'Pasien mengeluhkan gigi taring atas yang sudah patah dan ingin dicabut untuk memasang GTP'),
(152, 152, 1, '2025-05-16', 'K1', 'Ada', 'Pemeriksaan Klinis', 'Diagnosis Sementara', 'T1', 'pasien datang dengan keluhan gigi berlubang sejak 1 tahun yang lalu'),
(153, 153, 1, '2025-05-16', 'K1', 'Ada', 'Pemeriksaan Klinis', 'Diagnosis Sementara', 'T1', 'pasien datang dengan keluhan adanya keluhan gigi belakang bawah kiri yang berlubang'),
(154, 154, 1, '2025-05-16', 'K1', 'Ada', 'Pemeriksaan Klinis', 'Diagnosis Sementara', 'T1', 'Pasien datang dengan keluhan gigi belakang bawah yang berlubang besar sejak 2 tahun lalu'),
(155, 155, 1, '2025-05-16', 'K1', 'Tidak Ada', 'Pemeriksaan Klinis', 'Diagnosis Sementara', 'T1', 'Pasien datang dengan keluhan gigi rahang bawah sakit'),
(156, 156, 1, '2025-05-16', 'K1', 'Ada', 'Pemeriksaan Klinis', 'Diagnosis Sementara', 'T1', 'Pasien datangg dengan keluhan Gigi berlubang'),
(157, 157, 1, '2025-05-16', 'K1', 'Tidak Ada', 'Pemeriksaan Klinis', 'Diagnosis Sementara', 'T1', 'Pasien memiliki keluhan gigi geraham rahang atas dan rahang berlubang besar'),
(158, 158, 1, '2025-05-16', 'K4', 'Ada', 'Pemeriksaan Klinis', 'Diagnosis Sementara', 'T4', 'pasien datang dengan keluhan gigi berlubang dan ingin dilakukan pencabutan'),
(159, 159, 1, '2025-05-16', 'K3', 'Ada', 'Pemeriksaan Klinis', 'Diagnosis Sementara', 'T3', 'Pasien datang dengan keluhan gigi tidak rapi dan berjarak'),
(160, 160, 1, '2025-05-16', 'K3', 'Ada', 'Pemeriksaan Klinis', 'Diagnosis Sementara', 'T3', 'Pasien datang dengan keluhan gigi depan bawah berantakan dan gigi depan atas renggang'),
(161, 161, 1, '2025-05-16', 'K3', 'Ada', 'Pemeriksaan Klinis', 'Diagnosis Sementara', 'T3', 'pasien datang dengan keluhan gigi rahang atas yang maju'),
(162, 162, 1, '2025-05-16', 'K1', 'Ada', 'Pemeriksaan Klinis', 'Diagnosis Sementara', 'T1', 'pasien datang dengan keluhan tidak ada gigi lagi dan sulit mengunyah'),
(163, 163, 1, '2025-05-16', 'K5', 'Tidak Ada', 'Pemeriksaan Klinis', 'Diagnosis Sementara', 'T5', 'Pasien datang dengan keluhan gigi ompong di semua gigi pada rahang atas dan bawah'),
(164, 164, 1, '2025-05-16', 'K1', 'Tidak Ada', 'Pemeriksaan Klinis', 'Diagnosis Sementara', 'T1', 'CIBRO pasien datang dengan keluhan gigi berlubang sebelah kanan bawah bagian belakang'),
(165, 165, 1, '2025-05-16', 'K3', 'Ada', 'Pemeriksaan Klinis', 'Diagnosis Sementara', 'T3', 'Pasien datang dengan keluhan gigi tidak rapi sehingga ingin giginya dirawat'),
(166, 166, 1, '2025-05-16', 'K1', 'Tidak Ada', 'Pemeriksaan Klinis', 'Diagnosis Sementara', 'T1', 'pasien datang dengan keluhan gigi tidak rata'),
(167, 167, 1, '2025-05-16', 'K1', 'Tidak Ada', 'Pemeriksaan Klinis', 'Diagnosis Sementara', 'T1', 'pasien datang dengan keluhan gigi berlubang sehingga makanan sering menyangkut'),
(168, 168, 1, '2025-05-16', 'K1', 'Tidak Ada', 'Pemeriksaan Klinis', 'Diagnosis Sementara', 'T1', 'pasien datang dengan gigi yang jarang dan tidak beraturan'),
(169, 169, 1, '2025-05-16', 'K3', 'Tidak Ada', 'Pemeriksaan Klinis', 'Diagnosis Sementara', 'T3', 'pasien datang dengan keluhan gigi depan terasa maju'),
(170, 170, 1, '2025-05-16', 'K3', 'Tidak Ada', 'Pemeriksaan Klinis', 'Diagnosis Sementara', 'T3', 'Pasien datang dengan keluhan gigi depan maju dan ingin dilakukan perawatan'),
(171, 171, 1, '2025-05-16', 'K3', 'Tidak Ada', 'Pemeriksaan Klinis', 'Diagnosis Sementara', 'T3', 'Pasien datangg dengan keluhan gigi berantakan dan ingin dilakukan perawatan'),
(172, 172, 1, '2025-05-16', 'K1', 'Tidak Ada', 'Pemeriksaan Klinis', 'Diagnosis Sementara', 'T1', 'Pasien datang dengan keluhan gusi sebelah bawah kiri dan kanan gigi geraham sakit'),
(173, 173, 1, '2025-05-16', 'K3', 'Tidak Ada', 'Pemeriksaan Klinis', 'Diagnosis Sementara', 'T3', 'Pasien datang dengan keluhan gigi depan atas dan bawah berjarak'),
(174, 174, 1, '2025-05-16', 'K1', 'Tidak Ada', 'Pemeriksaan Klinis', 'Diagnosis Sementara', 'T1', 'Pasien datang dengan keluhan gigi berlubang besar sehingga menimbulkan rasa tidak nyaman terutama saat sedang makan'),
(175, 175, 1, '2025-05-16', 'K1', 'Ada', 'Pemeriksaan Klinis', 'Diagnosis Sementara', 'T1', 'Pasien datang dengan gigi berlubang dan rasa tidak nyaman'),
(176, 176, 1, '2025-05-16', 'K3', 'Tidak Ada', 'Pemeriksaan Klinis', 'Diagnosis Sementara', 'T3', 'Pasien datang dengan keluhan gigi tidak rapi dan ingin dilakukan perawatan'),
(177, 177, 1, '2025-05-16', 'K2', 'Tidak Ada', 'Pemeriksaan Klinis', 'Diagnosis Sementara', 'T2', 'pasien datang dengan keluhan gigi goyang'),
(178, 178, 1, '2025-05-16', 'K1', 'Ada', 'Pemeriksaan Klinis', 'Diagnosis Sementara', 'T1', 'pasien datang dengan keluhan gigi geraham bawah berlubang besar'),
(179, 179, 1, '2025-05-16', 'K1', 'Ada', 'Pemeriksaan Klinis', 'Diagnosis Sementara', 'T1', 'Pasien datang dengan keluhan banyak gigi berlubang dan sakit pada gigi belakang kiri sejak 2 bulan yang lalu'),
(180, 180, 1, '2025-05-16', 'K1', 'Tidak Ada', 'Pemeriksaan Klinis', 'Diagnosis Sementara', 'T1', 'pasien datang dengan keluhan gigi geraham belakang kanan bawah sakit dan berlubang sejak 2bulan'),
(181, 181, 1, '2025-05-16', 'K1', 'Ada', 'Pemeriksaan Klinis', 'Diagnosis Sementara', 'T1', 'pasien datang dengan keluhan gigi berlubang'),
(182, 182, 1, '2025-05-16', 'K1', 'Tidak Ada', 'Pemeriksaan Klinis', 'Diagnosis Sementara', 'T1', 'pasien datang dengan keluhan gigi geraham bawah kanan dsn kiri berlubang besar'),
(183, 183, 1, '2025-05-16', 'K5', 'Tidak Ada', 'Pemeriksaan Klinis', 'Diagnosis Sementara', 'T5', 'Pasien datang dengan keluhan gigi seri depan hilang dan ingin dipasangkan gigi tiruan jembatan'),
(184, 184, 1, '2025-05-16', 'K1', 'Tidak Ada', 'Pemeriksaan Klinis', 'Diagnosis Sementara', 'T1', 'pasien datang dengan keluhan gigi berlubang kecil'),
(185, 185, 1, '2025-05-16', 'K5', 'Ada', 'Pemeriksaan Klinis', 'Diagnosis Sementara', 'T5', 'Pasien datang dengan keluhan gigi rahang atas belakang ompong'),
(186, 186, 1, '2025-05-16', 'K2', 'Ada', 'Pemeriksaan Klinis', 'Diagnosis Sementara', 'T2', 'Pasien datang dengan keluhan gigi geraham bawah goyang'),
(187, 187, 1, '2025-05-16', 'K1', 'Ada', 'Pemeriksaan Klinis', 'Diagnosis Sementara', 'T1', 'Pasien datang dengan keluhan gigi belakang atas dan bawah berlubang dan sakit'),
(188, 188, 1, '2025-05-16', 'K1', 'Ada', 'Pemeriksaan Klinis', 'Diagnosis Sementara', 'T1', 'Pasien datang dengan keluhan gigi menghitam'),
(189, 189, 1, '2025-05-16', 'K1', 'Ada', 'Pemeriksaan Klinis', 'Diagnosis Sementara', 'T1', 'pasien datang dengan keluhan gigi depan atas tidak estetik sehingga ingin dilakukan penambalan'),
(190, 190, 1, '2025-05-16', 'K4', 'Ada', 'Pemeriksaan Klinis', 'Diagnosis Sementara', 'T4', 'Pasien datang dengan keluhan ingin dilakukan pencabutan untuk dilakukan gigi palsu'),
(191, 191, 1, '2025-05-16', 'K1', 'Ada', 'Pemeriksaan Klinis', 'Diagnosis Sementara', 'T1', 'Pasien datang dengan keluhan terdapat gigi berlubang besar pada rahang atas kanan'),
(192, 192, 1, '2025-05-16', 'K1', 'Tidak Ada', 'Pemeriksaan Klinis', 'Diagnosis Sementara', 'T1', 'Pasien datang dengan keluhan gigi belakang atas yang berlubang namun tidak terasa sakit'),
(193, 193, 1, '2025-05-16', 'K2', 'Tidak Ada', 'Pemeriksaan Klinis', 'Diagnosis Sementara', 'T2', 'Pasien datang dengan keluhan gigi bawah goyang dan gusi bengkak'),
(194, 194, 1, '2025-05-16', 'K1', 'Tidak Ada', 'Pemeriksaan Klinis', 'Diagnosis Sementara', 'T1', 'Pasien memiliki keluhan giginya banyak yang berlubang'),
(195, 195, 1, '2025-05-16', 'K1', 'Ada', 'Pemeriksaan Klinis', 'Diagnosis Sementara', 'T1', 'pasien datang dengan keluhan gigi geraham bawah kiri berlubang'),
(196, 196, 1, '2025-05-16', 'K3', 'Ada', 'Pemeriksaan Klinis', 'Diagnosis Sementara', 'T3', 'Pasien datang dengan keluhan gigi depan atas maju dan gigi depan bawah sedikit berjejal'),
(197, 197, 1, '2025-05-16', 'K5', 'Tidak Ada', 'Pemeriksaan Klinis', 'Diagnosis Sementara', 'T5', 'Pasien datang dengan keluhan mulut ompong dan ingin memakai Gigi palsu'),
(198, 198, 1, '2025-05-16', 'K4', 'Ada', 'Pemeriksaan Klinis', 'Diagnosis Sementara', 'T4', 'Pasien datang dengan keluhan gigi belakang bawah berlubang dan ingin dicabut'),
(199, 199, 1, '2025-05-16', 'K4', 'Ada', 'Pemeriksaan Klinis', 'Diagnosis Sementara', 'T4', 'pasien datang dengan keluhan adanya gigi berlubang besar yang ingin dicabut'),
(200, 200, 1, '2025-05-16', 'K4', 'Ada', 'Pemeriksaan Klinis', 'Diagnosis Sementara', 'T4', 'pasien datang dengan keluhan adanya gigi berlubang besar yang ingin dicabut'),
(201, 201, 1, '2025-05-16', 'K4', 'Ada', 'Pemeriksaan Klinis', 'Diagnosis Sementara', 'T4', 'Pasien datang dengan keluhan gigi depan berlubang besardibagian servikal dan pasien ingin giginya dicabut'),
(202, 202, 1, '2025-05-16', 'K2', 'Tidak Ada', 'Pemeriksaan Klinis', 'Diagnosis Sementara', 'T2', 'Pasien datang dengan keluhan gigi depan bawah kanan berlapis dan goyang sehingga tidak nyaman untuk dipakai makan'),
(203, 203, 1, '2025-05-16', 'K4', 'Tidak Ada', 'Pemeriksaan Klinis', 'Diagnosis Sementara', 'T4', 'pasien datang dengan keluhan gigi belakang atas dan bawah berlubang besar dan ingin dicabut'),
(204, 204, 1, '2025-05-16', 'K3', 'Tidak Ada', 'Pemeriksaan Klinis', 'Diagnosis Sementara', 'T3', 'Pasien datang dengan keluhan gigi depan rahang atas maju dan gigi rahang bawah tidak rapi'),
(205, 205, 1, '2025-05-16', 'K1', 'Ada', 'Pemeriksaan Klinis', 'Diagnosis Sementara', 'T1', 'Pasien datang dengan keluhan gigi berlubang besar pada gigi belakang kanan bawah'),
(206, 206, 1, '2025-05-16', 'K1', 'Ada', 'Pemeriksaan Klinis', 'Diagnosis Sementara', 'T1', 'Pasien datang dengan keluhan gigi belakang kiri atas berlubang besar sejak 2 tahun yang lalu'),
(207, 207, 1, '2025-05-16', 'K1', 'Tidak Ada', 'Pemeriksaan Klinis', 'Diagnosis Sementara', 'T1', 'pasien datang dengan keluhan gigi bawah kanan dan kiri berlubang dan ngilu saat makan manis dan minum dingin'),
(208, 208, 1, '2025-05-16', 'K1', 'Tidak Ada', 'Pemeriksaan Klinis', 'Diagnosis Sementara', 'T1', 'pasien datang dengan keluhan gigi geraham kanan berlubang besar'),
(209, 209, 1, '2025-05-16', 'K1', 'Ada', 'Pemeriksaan Klinis', 'Diagnosis Sementara', 'T1', 'Pasien datang dengan keluhan gigi atas depan patah'),
(210, 210, 1, '2025-05-16', 'K1', 'Ada', 'Pemeriksaan Klinis', 'Diagnosis Sementara', 'T1', 'pasien datang dengan keluhan gigi sering ngilu'),
(211, 211, 1, '2025-05-16', 'K3', 'Tidak Ada', 'Pemeriksaan Klinis', 'Diagnosis Sementara', 'T3', 'Pasien datang dengan keluhan gigi rahang atas dan bawah tidak rapi dan terbuka dan ingin dirapikan'),
(212, 212, 1, '2025-05-16', 'K3', 'Tidak Ada', 'Pemeriksaan Klinis', 'Diagnosis Sementara', 'T3', 'pasien mengeluhkan gigi depan atas dan bawah yang kurang rapi'),
(213, 213, 1, '2025-05-16', 'K3', 'Ada', 'Pemeriksaan Klinis', 'Diagnosis Sementara', 'T3', 'pasien datang dengan keluhan gigi tidak beraturan dan tidak rapi'),
(214, 214, 1, '2025-05-16', 'K1', 'Ada', 'Pemeriksaan Klinis', 'Diagnosis Sementara', 'T1', 'pasien datang dengan keluhan gigi tidak beraturan'),
(215, 215, 1, '2025-05-16', 'K3', 'Tidak Ada', 'Pemeriksaan Klinis', 'Diagnosis Sementara', 'T3', 'pasien datang dengan keluhan gigi berjejal dan ingin dilakukan perawatan'),
(216, 216, 1, '2025-05-16', 'K1', 'Ada', 'Pemeriksaan Klinis', 'Diagnosis Sementara', 'T1', 'Pasien datang dengan keluhan gigi geraham atas berlubang'),
(217, 217, 1, '2025-05-16', 'K3', 'Ada', 'Pemeriksaan Klinis', 'Diagnosis Sementara', 'T3', 'pasien datang dengan keluhan gigi berjejal dan ingin dirapikan'),
(218, 218, 1, '2025-05-16', 'K1', 'Ada', 'Pemeriksaan Klinis', 'Diagnosis Sementara', 'T1', 'pasien datang dengan keluhan gigi depan sisa sedikit'),
(219, 219, 1, '2025-05-16', 'K3', 'Tidak Ada', 'Pemeriksaan Klinis', 'Diagnosis Sementara', 'T3', 'pasien datang dengan keluhan gigi berantakan'),
(220, 220, 1, '2025-05-16', 'K3', 'Tidak Ada', 'Pemeriksaan Klinis', 'Diagnosis Sementara', 'T3', 'Pasien datang untuk memeriksakan kembali kondisi gigi berjarak dan tidak rapi'),
(221, 221, 1, '2025-05-16', 'K4', 'Ada', 'Pemeriksaan Klinis', 'Diagnosis Sementara', 'T4', 'Pasien datang dengan keluhan adanya gigi berlubang yang mengganggu dan ingin dilakukan pencabutan'),
(222, 222, 1, '2025-05-16', 'K1', 'Ada', 'Pemeriksaan Klinis', 'Diagnosis Sementara', 'T1', 'Pasien datang dengan keluham gigi depan patah dan berlubang'),
(223, 223, 1, '2025-05-16', 'K3', 'Ada', 'Pemeriksaan Klinis', 'Diagnosis Sementara', 'T3', 'Pasien datang dengan keluhan gigi tidak rapi pada rahang atas dan rahang bawah'),
(224, 224, 1, '2025-05-16', 'K3', 'Tidak Ada', 'Pemeriksaan Klinis', 'Diagnosis Sementara', 'T3', 'Pasien datang dengan keluhan gigi bawah lebih maju daripada gigi atas');

INSERT INTO `data_latih` (`id_dataset`, `id_pasien`, `nilai_atribut_json`, `kelas_target`) VALUES
(1, 1, '{"Usia": "Dewasa", "Jenis_Kelamin": "L", "Keluhan_Utama": "K4", "Riwayat_Penyakit": "Ada"}', 'T4'),
(1, 2, '{"Usia": "Anak", "Jenis_Kelamin": "P", "Keluhan_Utama": "K1", "Riwayat_Penyakit": "Tidak Ada"}', 'T1'),
(1, 3, '{"Usia": "Lansia", "Jenis_Kelamin": "P", "Keluhan_Utama": "K1", "Riwayat_Penyakit": "Ada"}', 'T1'),
(1, 4, '{"Usia": "Dewasa", "Jenis_Kelamin": "P", "Keluhan_Utama": "K5", "Riwayat_Penyakit": "Ada"}', 'T5'),
(1, 5, '{"Usia": "Lansia", "Jenis_Kelamin": "L", "Keluhan_Utama": "K4", "Riwayat_Penyakit": "Tidak Ada"}', 'T4'),
(1, 6, '{"Usia": "Lansia", "Jenis_Kelamin": "P", "Keluhan_Utama": "K1", "Riwayat_Penyakit": "Tidak Ada"}', 'T1'),
(1, 7, '{"Usia": "Remaja", "Jenis_Kelamin": "L", "Keluhan_Utama": "K5", "Riwayat_Penyakit": "Tidak Ada"}', 'T5'),
(1, 8, '{"Usia": "Dewasa", "Jenis_Kelamin": "P", "Keluhan_Utama": "K4", "Riwayat_Penyakit": "Ada"}', 'T4'),
(1, 9, '{"Usia": "Anak", "Jenis_Kelamin": "P", "Keluhan_Utama": "K1", "Riwayat_Penyakit": "Ada"}', 'T1'),
(1, 10, '{"Usia": "Remaja", "Jenis_Kelamin": "L", "Keluhan_Utama": "K1", "Riwayat_Penyakit": "Ada"}', 'T1'),
(1, 11, '{"Usia": "Dewasa", "Jenis_Kelamin": "L", "Keluhan_Utama": "K1", "Riwayat_Penyakit": "Ada"}', 'T1'),
(1, 12, '{"Usia": "Lansia", "Jenis_Kelamin": "L", "Keluhan_Utama": "K4", "Riwayat_Penyakit": "Ada"}', 'T4'),
(1, 13, '{"Usia": "Remaja", "Jenis_Kelamin": "P", "Keluhan_Utama": "K5", "Riwayat_Penyakit": "Tidak Ada"}', 'T5'),
(1, 14, '{"Usia": "Dewasa", "Jenis_Kelamin": "L", "Keluhan_Utama": "K5", "Riwayat_Penyakit": "Ada"}', 'T5'),
(1, 15, '{"Usia": "Dewasa", "Jenis_Kelamin": "L", "Keluhan_Utama": "K1", "Riwayat_Penyakit": "Ada"}', 'T1'),
(1, 16, '{"Usia": "Dewasa", "Jenis_Kelamin": "L", "Keluhan_Utama": "K2", "Riwayat_Penyakit": "Ada"}', 'T2'),
(1, 17, '{"Usia": "Anak", "Jenis_Kelamin": "L", "Keluhan_Utama": "K1", "Riwayat_Penyakit": "Tidak Ada"}', 'T1'),
(1, 18, '{"Usia": "Lansia", "Jenis_Kelamin": "P", "Keluhan_Utama": "K2", "Riwayat_Penyakit": "Ada"}', 'T2'),
(1, 19, '{"Usia": "Dewasa", "Jenis_Kelamin": "L", "Keluhan_Utama": "K1", "Riwayat_Penyakit": "Tidak Ada"}', 'T1'),
(1, 20, '{"Usia": "Remaja", "Jenis_Kelamin": "L", "Keluhan_Utama": "K1", "Riwayat_Penyakit": "Ada"}', 'T1'),
(1, 21, '{"Usia": "Dewasa", "Jenis_Kelamin": "L", "Keluhan_Utama": "K2", "Riwayat_Penyakit": "Ada"}', 'T2'),
(1, 22, '{"Usia": "Dewasa", "Jenis_Kelamin": "L", "Keluhan_Utama": "K2", "Riwayat_Penyakit": "Tidak Ada"}', 'T2'),
(1, 23, '{"Usia": "Lansia", "Jenis_Kelamin": "P", "Keluhan_Utama": "K1", "Riwayat_Penyakit": "Tidak Ada"}', 'T1'),
(1, 24, '{"Usia": "Dewasa", "Jenis_Kelamin": "P", "Keluhan_Utama": "K1", "Riwayat_Penyakit": "Ada"}', 'T1'),
(1, 25, '{"Usia": "Dewasa", "Jenis_Kelamin": "L", "Keluhan_Utama": "K1", "Riwayat_Penyakit": "Ada"}', 'T1'),
(1, 26, '{"Usia": "Anak", "Jenis_Kelamin": "L", "Keluhan_Utama": "K2", "Riwayat_Penyakit": "Ada"}', 'T2'),
(1, 27, '{"Usia": "Lansia", "Jenis_Kelamin": "P", "Keluhan_Utama": "K1", "Riwayat_Penyakit": "Tidak Ada"}', 'T1'),
(1, 28, '{"Usia": "Lansia", "Jenis_Kelamin": "L", "Keluhan_Utama": "K1", "Riwayat_Penyakit": "Tidak Ada"}', 'T1'),
(1, 29, '{"Usia": "Lansia", "Jenis_Kelamin": "L", "Keluhan_Utama": "K1", "Riwayat_Penyakit": "Tidak Ada"}', 'T1'),
(1, 30, '{"Usia": "Remaja", "Jenis_Kelamin": "L", "Keluhan_Utama": "K1", "Riwayat_Penyakit": "Ada"}', 'T1'),
(1, 31, '{"Usia": "Lansia", "Jenis_Kelamin": "L", "Keluhan_Utama": "K1", "Riwayat_Penyakit": "Tidak Ada"}', 'T1'),
(1, 32, '{"Usia": "Remaja", "Jenis_Kelamin": "P", "Keluhan_Utama": "K1", "Riwayat_Penyakit": "Tidak Ada"}', 'T1'),
(1, 33, '{"Usia": "Dewasa", "Jenis_Kelamin": "L", "Keluhan_Utama": "K1", "Riwayat_Penyakit": "Tidak Ada"}', 'T1'),
(1, 34, '{"Usia": "Remaja", "Jenis_Kelamin": "P", "Keluhan_Utama": "K3", "Riwayat_Penyakit": "Ada"}', 'T3'),
(1, 35, '{"Usia": "Dewasa", "Jenis_Kelamin": "L", "Keluhan_Utama": "K3", "Riwayat_Penyakit": "Ada"}', 'T3'),
(1, 36, '{"Usia": "Anak", "Jenis_Kelamin": "L", "Keluhan_Utama": "K3", "Riwayat_Penyakit": "Ada"}', 'T3'),
(1, 37, '{"Usia": "Dewasa", "Jenis_Kelamin": "P", "Keluhan_Utama": "K3", "Riwayat_Penyakit": "Tidak Ada"}', 'T3'),
(1, 38, '{"Usia": "Lansia", "Jenis_Kelamin": "P", "Keluhan_Utama": "K3", "Riwayat_Penyakit": "Ada"}', 'T3'),
(1, 39, '{"Usia": "Dewasa", "Jenis_Kelamin": "L", "Keluhan_Utama": "K5", "Riwayat_Penyakit": "Ada"}', 'T5'),
(1, 40, '{"Usia": "Remaja", "Jenis_Kelamin": "P", "Keluhan_Utama": "K3", "Riwayat_Penyakit": "Tidak Ada"}', 'T3'),
(1, 41, '{"Usia": "Dewasa", "Jenis_Kelamin": "P", "Keluhan_Utama": "K3", "Riwayat_Penyakit": "Tidak Ada"}', 'T3'),
(1, 42, '{"Usia": "Dewasa", "Jenis_Kelamin": "L", "Keluhan_Utama": "K1", "Riwayat_Penyakit": "Tidak Ada"}', 'T1'),
(1, 43, '{"Usia": "Lansia", "Jenis_Kelamin": "L", "Keluhan_Utama": "K1", "Riwayat_Penyakit": "Ada"}', 'T1'),
(1, 44, '{"Usia": "Lansia", "Jenis_Kelamin": "P", "Keluhan_Utama": "K2", "Riwayat_Penyakit": "Ada"}', 'T2'),
(1, 45, '{"Usia": "Dewasa", "Jenis_Kelamin": "L", "Keluhan_Utama": "K3", "Riwayat_Penyakit": "Tidak Ada"}', 'T3'),
(1, 46, '{"Usia": "Lansia", "Jenis_Kelamin": "L", "Keluhan_Utama": "K1", "Riwayat_Penyakit": "Ada"}', 'T1'),
(1, 47, '{"Usia": "Anak", "Jenis_Kelamin": "P", "Keluhan_Utama": "K1", "Riwayat_Penyakit": "Tidak Ada"}', 'T1'),
(1, 48, '{"Usia": "Lansia", "Jenis_Kelamin": "P", "Keluhan_Utama": "K6", "Riwayat_Penyakit": "Tidak Ada"}', 'T6'),
(1, 49, '{"Usia": "Lansia", "Jenis_Kelamin": "L", "Keluhan_Utama": "K2", "Riwayat_Penyakit": "Ada"}', 'T2'),
(1, 50, '{"Usia": "Dewasa", "Jenis_Kelamin": "L", "Keluhan_Utama": "K4", "Riwayat_Penyakit": "Ada"}', 'T4'),
(1, 51, '{"Usia": "Lansia", "Jenis_Kelamin": "P", "Keluhan_Utama": "K1", "Riwayat_Penyakit": "Tidak Ada"}', 'T1'),
(1, 52, '{"Usia": "Remaja", "Jenis_Kelamin": "P", "Keluhan_Utama": "K1", "Riwayat_Penyakit": "Tidak Ada"}', 'T1'),
(1, 53, '{"Usia": "Remaja", "Jenis_Kelamin": "P", "Keluhan_Utama": "K1", "Riwayat_Penyakit": "Tidak Ada"}', 'T1'),
(1, 54, '{"Usia": "Dewasa", "Jenis_Kelamin": "L", "Keluhan_Utama": "K1", "Riwayat_Penyakit": "Tidak Ada"}', 'T1'),
(1, 55, '{"Usia": "Anak", "Jenis_Kelamin": "L", "Keluhan_Utama": "K1", "Riwayat_Penyakit": "Tidak Ada"}', 'T1'),
(1, 56, '{"Usia": "Anak", "Jenis_Kelamin": "P", "Keluhan_Utama": "K1", "Riwayat_Penyakit": "Tidak Ada"}', 'T1'),
(1, 57, '{"Usia": "Dewasa", "Jenis_Kelamin": "P", "Keluhan_Utama": "K3", "Riwayat_Penyakit": "Tidak Ada"}', 'T3'),
(1, 58, '{"Usia": "Lansia", "Jenis_Kelamin": "P", "Keluhan_Utama": "K5", "Riwayat_Penyakit": "Tidak Ada"}', 'T5'),
(1, 59, '{"Usia": "Remaja", "Jenis_Kelamin": "L", "Keluhan_Utama": "K1", "Riwayat_Penyakit": "Ada"}', 'T1'),
(1, 60, '{"Usia": "Lansia", "Jenis_Kelamin": "L", "Keluhan_Utama": "K3", "Riwayat_Penyakit": "Ada"}', 'T3'),
(1, 61, '{"Usia": "Dewasa", "Jenis_Kelamin": "L", "Keluhan_Utama": "K2", "Riwayat_Penyakit": "Ada"}', 'T2'),
(1, 62, '{"Usia": "Lansia", "Jenis_Kelamin": "L", "Keluhan_Utama": "K1", "Riwayat_Penyakit": "Tidak Ada"}', 'T1'),
(1, 63, '{"Usia": "Dewasa", "Jenis_Kelamin": "P", "Keluhan_Utama": "K1", "Riwayat_Penyakit": "Tidak Ada"}', 'T1'),
(1, 64, '{"Usia": "Dewasa", "Jenis_Kelamin": "P", "Keluhan_Utama": "K1", "Riwayat_Penyakit": "Ada"}', 'T1'),
(1, 65, '{"Usia": "Anak", "Jenis_Kelamin": "P", "Keluhan_Utama": "K1", "Riwayat_Penyakit": "Ada"}', 'T1'),
(1, 66, '{"Usia": "Remaja", "Jenis_Kelamin": "L", "Keluhan_Utama": "K1", "Riwayat_Penyakit": "Tidak Ada"}', 'T1'),
(1, 67, '{"Usia": "Lansia", "Jenis_Kelamin": "L", "Keluhan_Utama": "K1", "Riwayat_Penyakit": "Tidak Ada"}', 'T1'),
(1, 68, '{"Usia": "Anak", "Jenis_Kelamin": "P", "Keluhan_Utama": "K1", "Riwayat_Penyakit": "Tidak Ada"}', 'T1'),
(1, 69, '{"Usia": "Dewasa", "Jenis_Kelamin": "L", "Keluhan_Utama": "K1", "Riwayat_Penyakit": "Ada"}', 'T1'),
(1, 70, '{"Usia": "Dewasa", "Jenis_Kelamin": "L", "Keluhan_Utama": "K1", "Riwayat_Penyakit": "Ada"}', 'T1'),
(1, 71, '{"Usia": "Dewasa", "Jenis_Kelamin": "P", "Keluhan_Utama": "K1", "Riwayat_Penyakit": "Tidak Ada"}', 'T1'),
(1, 72, '{"Usia": "Lansia", "Jenis_Kelamin": "L", "Keluhan_Utama": "K1", "Riwayat_Penyakit": "Tidak Ada"}', 'T1'),
(1, 73, '{"Usia": "Dewasa", "Jenis_Kelamin": "L", "Keluhan_Utama": "K1", "Riwayat_Penyakit": "Tidak Ada"}', 'T1'),
(1, 74, '{"Usia": "Remaja", "Jenis_Kelamin": "P", "Keluhan_Utama": "K1", "Riwayat_Penyakit": "Ada"}', 'T1'),
(1, 75, '{"Usia": "Anak", "Jenis_Kelamin": "P", "Keluhan_Utama": "K1", "Riwayat_Penyakit": "Tidak Ada"}', 'T1'),
(1, 76, '{"Usia": "Dewasa", "Jenis_Kelamin": "P", "Keluhan_Utama": "K1", "Riwayat_Penyakit": "Tidak Ada"}', 'T1'),
(1, 77, '{"Usia": "Anak", "Jenis_Kelamin": "P", "Keluhan_Utama": "K1", "Riwayat_Penyakit": "Ada"}', 'T1'),
(1, 78, '{"Usia": "Remaja", "Jenis_Kelamin": "L", "Keluhan_Utama": "K3", "Riwayat_Penyakit": "Ada"}', 'T3'),
(1, 79, '{"Usia": "Dewasa", "Jenis_Kelamin": "L", "Keluhan_Utama": "K1", "Riwayat_Penyakit": "Ada"}', 'T1'),
(1, 80, '{"Usia": "Anak", "Jenis_Kelamin": "L", "Keluhan_Utama": "K1", "Riwayat_Penyakit": "Ada"}', 'T1'),
(1, 81, '{"Usia": "Lansia", "Jenis_Kelamin": "L", "Keluhan_Utama": "K1", "Riwayat_Penyakit": "Ada"}', 'T1'),
(1, 82, '{"Usia": "Remaja", "Jenis_Kelamin": "P", "Keluhan_Utama": "K3", "Riwayat_Penyakit": "Ada"}', 'T3'),
(1, 83, '{"Usia": "Dewasa", "Jenis_Kelamin": "L", "Keluhan_Utama": "K1", "Riwayat_Penyakit": "Tidak Ada"}', 'T1'),
(1, 84, '{"Usia": "Dewasa", "Jenis_Kelamin": "L", "Keluhan_Utama": "K2", "Riwayat_Penyakit": "Ada"}', 'T2'),
(1, 85, '{"Usia": "Remaja", "Jenis_Kelamin": "P", "Keluhan_Utama": "K1", "Riwayat_Penyakit": "Tidak Ada"}', 'T1'),
(1, 86, '{"Usia": "Dewasa", "Jenis_Kelamin": "P", "Keluhan_Utama": "K3", "Riwayat_Penyakit": "Tidak Ada"}', 'T3'),
(1, 87, '{"Usia": "Remaja", "Jenis_Kelamin": "P", "Keluhan_Utama": "K3", "Riwayat_Penyakit": "Ada"}', 'T3'),
(1, 88, '{"Usia": "Dewasa", "Jenis_Kelamin": "L", "Keluhan_Utama": "K1", "Riwayat_Penyakit": "Ada"}', 'T1'),
(1, 89, '{"Usia": "Lansia", "Jenis_Kelamin": "P", "Keluhan_Utama": "K1", "Riwayat_Penyakit": "Tidak Ada"}', 'T1'),
(1, 90, '{"Usia": "Remaja", "Jenis_Kelamin": "P", "Keluhan_Utama": "K5", "Riwayat_Penyakit": "Ada"}', 'T5'),
(1, 91, '{"Usia": "Dewasa", "Jenis_Kelamin": "L", "Keluhan_Utama": "K5", "Riwayat_Penyakit": "Ada"}', 'T5'),
(1, 92, '{"Usia": "Remaja", "Jenis_Kelamin": "P", "Keluhan_Utama": "K4", "Riwayat_Penyakit": "Ada"}', 'T4'),
(1, 93, '{"Usia": "Dewasa", "Jenis_Kelamin": "P", "Keluhan_Utama": "K2", "Riwayat_Penyakit": "Tidak Ada"}', 'T2'),
(1, 94, '{"Usia": "Dewasa", "Jenis_Kelamin": "P", "Keluhan_Utama": "K5", "Riwayat_Penyakit": "Ada"}', 'T5'),
(1, 95, '{"Usia": "Dewasa", "Jenis_Kelamin": "P", "Keluhan_Utama": "K5", "Riwayat_Penyakit": "Ada"}', 'T5'),
(1, 96, '{"Usia": "Anak", "Jenis_Kelamin": "L", "Keluhan_Utama": "K1", "Riwayat_Penyakit": "Tidak Ada"}', 'T1'),
(1, 97, '{"Usia": "Dewasa", "Jenis_Kelamin": "P", "Keluhan_Utama": "K1", "Riwayat_Penyakit": "Tidak Ada"}', 'T1'),
(1, 98, '{"Usia": "Remaja", "Jenis_Kelamin": "L", "Keluhan_Utama": "K3", "Riwayat_Penyakit": "Tidak Ada"}', 'T3'),
(1, 99, '{"Usia": "Remaja", "Jenis_Kelamin": "L", "Keluhan_Utama": "K1", "Riwayat_Penyakit": "Tidak Ada"}', 'T1'),
(1, 100, '{"Usia": "Dewasa", "Jenis_Kelamin": "L", "Keluhan_Utama": "K1", "Riwayat_Penyakit": "Ada"}', 'T1'),
(1, 101, '{"Usia": "Remaja", "Jenis_Kelamin": "P", "Keluhan_Utama": "K5", "Riwayat_Penyakit": "Ada"}', 'T5'),
(1, 102, '{"Usia": "Remaja", "Jenis_Kelamin": "L", "Keluhan_Utama": "K1", "Riwayat_Penyakit": "Ada"}', 'T1'),
(1, 103, '{"Usia": "Lansia", "Jenis_Kelamin": "L", "Keluhan_Utama": "K4", "Riwayat_Penyakit": "Ada"}', 'T4'),
(1, 104, '{"Usia": "Remaja", "Jenis_Kelamin": "L", "Keluhan_Utama": "K1", "Riwayat_Penyakit": "Tidak Ada"}', 'T1'),
(1, 105, '{"Usia": "Dewasa", "Jenis_Kelamin": "P", "Keluhan_Utama": "K1", "Riwayat_Penyakit": "Tidak Ada"}', 'T1'),
(1, 106, '{"Usia": "Lansia", "Jenis_Kelamin": "P", "Keluhan_Utama": "K1", "Riwayat_Penyakit": "Tidak Ada"}', 'T1'),
(1, 107, '{"Usia": "Lansia", "Jenis_Kelamin": "L", "Keluhan_Utama": "K1", "Riwayat_Penyakit": "Ada"}', 'T1'),
(1, 108, '{"Usia": "Remaja", "Jenis_Kelamin": "P", "Keluhan_Utama": "K3", "Riwayat_Penyakit": "Ada"}', 'T3'),
(1, 109, '{"Usia": "Lansia", "Jenis_Kelamin": "L", "Keluhan_Utama": "K1", "Riwayat_Penyakit": "Tidak Ada"}', 'T1'),
(1, 110, '{"Usia": "Dewasa", "Jenis_Kelamin": "L", "Keluhan_Utama": "K1", "Riwayat_Penyakit": "Tidak Ada"}', 'T1'),
(1, 111, '{"Usia": "Remaja", "Jenis_Kelamin": "P", "Keluhan_Utama": "K1", "Riwayat_Penyakit": "Tidak Ada"}', 'T1'),
(1, 112, '{"Usia": "Dewasa", "Jenis_Kelamin": "P", "Keluhan_Utama": "K1", "Riwayat_Penyakit": "Tidak Ada"}', 'T1'),
(1, 113, '{"Usia": "Remaja", "Jenis_Kelamin": "P", "Keluhan_Utama": "K2", "Riwayat_Penyakit": "Tidak Ada"}', 'T2'),
(1, 114, '{"Usia": "Dewasa", "Jenis_Kelamin": "P", "Keluhan_Utama": "K1", "Riwayat_Penyakit": "Tidak Ada"}', 'T1'),
(1, 115, '{"Usia": "Remaja", "Jenis_Kelamin": "P", "Keluhan_Utama": "K1", "Riwayat_Penyakit": "Ada"}', 'T1'),
(1, 116, '{"Usia": "Lansia", "Jenis_Kelamin": "L", "Keluhan_Utama": "K1", "Riwayat_Penyakit": "Tidak Ada"}', 'T1'),
(1, 117, '{"Usia": "Remaja", "Jenis_Kelamin": "P", "Keluhan_Utama": "K2", "Riwayat_Penyakit": "Ada"}', 'T2'),
(1, 118, '{"Usia": "Anak", "Jenis_Kelamin": "P", "Keluhan_Utama": "K1", "Riwayat_Penyakit": "Tidak Ada"}', 'T1'),
(1, 119, '{"Usia": "Dewasa", "Jenis_Kelamin": "L", "Keluhan_Utama": "K5", "Riwayat_Penyakit": "Ada"}', 'T5'),
(1, 120, '{"Usia": "Dewasa", "Jenis_Kelamin": "L", "Keluhan_Utama": "K3", "Riwayat_Penyakit": "Ada"}', 'T3'),
(1, 121, '{"Usia": "Dewasa", "Jenis_Kelamin": "P", "Keluhan_Utama": "K3", "Riwayat_Penyakit": "Tidak Ada"}', 'T3'),
(1, 122, '{"Usia": "Remaja", "Jenis_Kelamin": "P", "Keluhan_Utama": "K1", "Riwayat_Penyakit": "Tidak Ada"}', 'T1'),
(1, 123, '{"Usia": "Dewasa", "Jenis_Kelamin": "L", "Keluhan_Utama": "K3", "Riwayat_Penyakit": "Ada"}', 'T3'),
(1, 124, '{"Usia": "Dewasa", "Jenis_Kelamin": "L", "Keluhan_Utama": "K1", "Riwayat_Penyakit": "Ada"}', 'T1'),
(1, 125, '{"Usia": "Lansia", "Jenis_Kelamin": "L", "Keluhan_Utama": "K1", "Riwayat_Penyakit": "Ada"}', 'T1'),
(1, 126, '{"Usia": "Dewasa", "Jenis_Kelamin": "P", "Keluhan_Utama": "K1", "Riwayat_Penyakit": "Ada"}', 'T1'),
(1, 127, '{"Usia": "Remaja", "Jenis_Kelamin": "L", "Keluhan_Utama": "K3", "Riwayat_Penyakit": "Ada"}', 'T3'),
(1, 128, '{"Usia": "Remaja", "Jenis_Kelamin": "L", "Keluhan_Utama": "K3", "Riwayat_Penyakit": "Tidak Ada"}', 'T3'),
(1, 129, '{"Usia": "Remaja", "Jenis_Kelamin": "P", "Keluhan_Utama": "K1", "Riwayat_Penyakit": "Tidak Ada"}', 'T1'),
(1, 130, '{"Usia": "Dewasa", "Jenis_Kelamin": "P", "Keluhan_Utama": "K2", "Riwayat_Penyakit": "Ada"}', 'T2'),
(1, 131, '{"Usia": "Anak", "Jenis_Kelamin": "L", "Keluhan_Utama": "K4", "Riwayat_Penyakit": "Ada"}', 'T4'),
(1, 132, '{"Usia": "Anak", "Jenis_Kelamin": "L", "Keluhan_Utama": "K2", "Riwayat_Penyakit": "Tidak Ada"}', 'T2'),
(1, 133, '{"Usia": "Anak", "Jenis_Kelamin": "P", "Keluhan_Utama": "K1", "Riwayat_Penyakit": "Ada"}', 'T1'),
(1, 134, '{"Usia": "Lansia", "Jenis_Kelamin": "P", "Keluhan_Utama": "K5", "Riwayat_Penyakit": "Tidak Ada"}', 'T5'),
(1, 135, '{"Usia": "Anak", "Jenis_Kelamin": "L", "Keluhan_Utama": "K1", "Riwayat_Penyakit": "Tidak Ada"}', 'T1'),
(1, 136, '{"Usia": "Remaja", "Jenis_Kelamin": "P", "Keluhan_Utama": "K1", "Riwayat_Penyakit": "Ada"}', 'T1'),
(1, 137, '{"Usia": "Lansia", "Jenis_Kelamin": "P", "Keluhan_Utama": "K1", "Riwayat_Penyakit": "Tidak Ada"}', 'T1'),
(1, 138, '{"Usia": "Lansia", "Jenis_Kelamin": "L", "Keluhan_Utama": "K1", "Riwayat_Penyakit": "Ada"}', 'T1'),
(1, 139, '{"Usia": "Lansia", "Jenis_Kelamin": "P", "Keluhan_Utama": "K4", "Riwayat_Penyakit": "Ada"}', 'T4'),
(1, 140, '{"Usia": "Remaja", "Jenis_Kelamin": "P", "Keluhan_Utama": "K3", "Riwayat_Penyakit": "Ada"}', 'T3'),
(1, 141, '{"Usia": "Remaja", "Jenis_Kelamin": "L", "Keluhan_Utama": "K2", "Riwayat_Penyakit": "Tidak Ada"}', 'T2'),
(1, 142, '{"Usia": "Lansia", "Jenis_Kelamin": "L", "Keluhan_Utama": "K5", "Riwayat_Penyakit": "Ada"}', 'T5'),
(1, 143, '{"Usia": "Remaja", "Jenis_Kelamin": "P", "Keluhan_Utama": "K1", "Riwayat_Penyakit": "Tidak Ada"}', 'T1'),
(1, 144, '{"Usia": "Remaja", "Jenis_Kelamin": "L", "Keluhan_Utama": "K4", "Riwayat_Penyakit": "Ada"}', 'T4'),
(1, 145, '{"Usia": "Dewasa", "Jenis_Kelamin": "L", "Keluhan_Utama": "K4", "Riwayat_Penyakit": "Ada"}', 'T4'),
(1, 146, '{"Usia": "Lansia", "Jenis_Kelamin": "L", "Keluhan_Utama": "K4", "Riwayat_Penyakit": "Ada"}', 'T4'),
(1, 147, '{"Usia": "Anak", "Jenis_Kelamin": "P", "Keluhan_Utama": "K2", "Riwayat_Penyakit": "Tidak Ada"}', 'T2'),
(1, 148, '{"Usia": "Lansia", "Jenis_Kelamin": "P", "Keluhan_Utama": "K1", "Riwayat_Penyakit": "Ada"}', 'T1'),
(1, 149, '{"Usia": "Lansia", "Jenis_Kelamin": "P", "Keluhan_Utama": "K1", "Riwayat_Penyakit": "Ada"}', 'T1'),
(1, 150, '{"Usia": "Dewasa", "Jenis_Kelamin": "P", "Keluhan_Utama": "K1", "Riwayat_Penyakit": "Tidak Ada"}', 'T1'),
(1, 151, '{"Usia": "Lansia", "Jenis_Kelamin": "P", "Keluhan_Utama": "K4", "Riwayat_Penyakit": "Ada"}', 'T4'),
(1, 152, '{"Usia": "Dewasa", "Jenis_Kelamin": "L", "Keluhan_Utama": "K1", "Riwayat_Penyakit": "Ada"}', 'T1'),
(1, 153, '{"Usia": "Dewasa", "Jenis_Kelamin": "P", "Keluhan_Utama": "K1", "Riwayat_Penyakit": "Ada"}', 'T1'),
(1, 154, '{"Usia": "Dewasa", "Jenis_Kelamin": "P", "Keluhan_Utama": "K1", "Riwayat_Penyakit": "Ada"}', 'T1'),
(1, 155, '{"Usia": "Lansia", "Jenis_Kelamin": "L", "Keluhan_Utama": "K1", "Riwayat_Penyakit": "Tidak Ada"}', 'T1'),
(1, 156, '{"Usia": "Dewasa", "Jenis_Kelamin": "L", "Keluhan_Utama": "K1", "Riwayat_Penyakit": "Ada"}', 'T1'),
(1, 157, '{"Usia": "Remaja", "Jenis_Kelamin": "P", "Keluhan_Utama": "K1", "Riwayat_Penyakit": "Tidak Ada"}', 'T1'),
(1, 158, '{"Usia": "Lansia", "Jenis_Kelamin": "L", "Keluhan_Utama": "K4", "Riwayat_Penyakit": "Ada"}', 'T4'),
(1, 159, '{"Usia": "Remaja", "Jenis_Kelamin": "L", "Keluhan_Utama": "K3", "Riwayat_Penyakit": "Ada"}', 'T3'),
(1, 160, '{"Usia": "Dewasa", "Jenis_Kelamin": "L", "Keluhan_Utama": "K3", "Riwayat_Penyakit": "Ada"}', 'T3'),
(1, 161, '{"Usia": "Remaja", "Jenis_Kelamin": "P", "Keluhan_Utama": "K3", "Riwayat_Penyakit": "Ada"}', 'T3'),
(1, 162, '{"Usia": "Lansia", "Jenis_Kelamin": "P", "Keluhan_Utama": "K1", "Riwayat_Penyakit": "Ada"}', 'T1'),
(1, 163, '{"Usia": "Dewasa", "Jenis_Kelamin": "P", "Keluhan_Utama": "K5", "Riwayat_Penyakit": "Tidak Ada"}', 'T5'),
(1, 164, '{"Usia": "Dewasa", "Jenis_Kelamin": "P", "Keluhan_Utama": "K1", "Riwayat_Penyakit": "Tidak Ada"}', 'T1'),
(1, 165, '{"Usia": "Dewasa", "Jenis_Kelamin": "P", "Keluhan_Utama": "K3", "Riwayat_Penyakit": "Ada"}', 'T3'),
(1, 166, '{"Usia": "Lansia", "Jenis_Kelamin": "L", "Keluhan_Utama": "K1", "Riwayat_Penyakit": "Tidak Ada"}', 'T1'),
(1, 167, '{"Usia": "Dewasa", "Jenis_Kelamin": "L", "Keluhan_Utama": "K1", "Riwayat_Penyakit": "Tidak Ada"}', 'T1'),
(1, 168, '{"Usia": "Dewasa", "Jenis_Kelamin": "P", "Keluhan_Utama": "K1", "Riwayat_Penyakit": "Tidak Ada"}', 'T1'),
(1, 169, '{"Usia": "Lansia", "Jenis_Kelamin": "P", "Keluhan_Utama": "K3", "Riwayat_Penyakit": "Tidak Ada"}', 'T3'),
(1, 170, '{"Usia": "Remaja", "Jenis_Kelamin": "L", "Keluhan_Utama": "K3", "Riwayat_Penyakit": "Tidak Ada"}', 'T3'),
(1, 171, '{"Usia": "Dewasa", "Jenis_Kelamin": "P", "Keluhan_Utama": "K3", "Riwayat_Penyakit": "Tidak Ada"}', 'T3'),
(1, 172, '{"Usia": "Dewasa", "Jenis_Kelamin": "L", "Keluhan_Utama": "K1", "Riwayat_Penyakit": "Tidak Ada"}', 'T1'),
(1, 173, '{"Usia": "Lansia", "Jenis_Kelamin": "L", "Keluhan_Utama": "K3", "Riwayat_Penyakit": "Tidak Ada"}', 'T3'),
(1, 174, '{"Usia": "Dewasa", "Jenis_Kelamin": "L", "Keluhan_Utama": "K1", "Riwayat_Penyakit": "Tidak Ada"}', 'T1'),
(1, 175, '{"Usia": "Dewasa", "Jenis_Kelamin": "P", "Keluhan_Utama": "K1", "Riwayat_Penyakit": "Ada"}', 'T1'),
(1, 176, '{"Usia": "Dewasa", "Jenis_Kelamin": "P", "Keluhan_Utama": "K3", "Riwayat_Penyakit": "Tidak Ada"}', 'T3'),
(1, 177, '{"Usia": "Remaja", "Jenis_Kelamin": "P", "Keluhan_Utama": "K2", "Riwayat_Penyakit": "Tidak Ada"}', 'T2'),
(1, 178, '{"Usia": "Dewasa", "Jenis_Kelamin": "P", "Keluhan_Utama": "K1", "Riwayat_Penyakit": "Ada"}', 'T1'),
(1, 179, '{"Usia": "Dewasa", "Jenis_Kelamin": "P", "Keluhan_Utama": "K1", "Riwayat_Penyakit": "Ada"}', 'T1'),
(1, 180, '{"Usia": "Lansia", "Jenis_Kelamin": "P", "Keluhan_Utama": "K1", "Riwayat_Penyakit": "Tidak Ada"}', 'T1'),
(1, 181, '{"Usia": "Lansia", "Jenis_Kelamin": "L", "Keluhan_Utama": "K1", "Riwayat_Penyakit": "Ada"}', 'T1'),
(1, 182, '{"Usia": "Dewasa", "Jenis_Kelamin": "P", "Keluhan_Utama": "K1", "Riwayat_Penyakit": "Tidak Ada"}', 'T1'),
(1, 183, '{"Usia": "Lansia", "Jenis_Kelamin": "L", "Keluhan_Utama": "K5", "Riwayat_Penyakit": "Tidak Ada"}', 'T5'),
(1, 184, '{"Usia": "Dewasa", "Jenis_Kelamin": "P", "Keluhan_Utama": "K1", "Riwayat_Penyakit": "Tidak Ada"}', 'T1'),
(1, 185, '{"Usia": "Dewasa", "Jenis_Kelamin": "L", "Keluhan_Utama": "K5", "Riwayat_Penyakit": "Ada"}', 'T5'),
(1, 186, '{"Usia": "Dewasa", "Jenis_Kelamin": "P", "Keluhan_Utama": "K2", "Riwayat_Penyakit": "Ada"}', 'T2'),
(1, 187, '{"Usia": "Dewasa", "Jenis_Kelamin": "L", "Keluhan_Utama": "K1", "Riwayat_Penyakit": "Ada"}', 'T1'),
(1, 188, '{"Usia": "Dewasa", "Jenis_Kelamin": "L", "Keluhan_Utama": "K1", "Riwayat_Penyakit": "Ada"}', 'T1'),
(1, 189, '{"Usia": "Anak", "Jenis_Kelamin": "L", "Keluhan_Utama": "K1", "Riwayat_Penyakit": "Ada"}', 'T1'),
(1, 190, '{"Usia": "Lansia", "Jenis_Kelamin": "L", "Keluhan_Utama": "K4", "Riwayat_Penyakit": "Ada"}', 'T4'),
(1, 191, '{"Usia": "Dewasa", "Jenis_Kelamin": "L", "Keluhan_Utama": "K1", "Riwayat_Penyakit": "Ada"}', 'T1'),
(1, 192, '{"Usia": "Lansia", "Jenis_Kelamin": "P", "Keluhan_Utama": "K1", "Riwayat_Penyakit": "Tidak Ada"}', 'T1'),
(1, 193, '{"Usia": "Dewasa", "Jenis_Kelamin": "L", "Keluhan_Utama": "K2", "Riwayat_Penyakit": "Tidak Ada"}', 'T2'),
(1, 194, '{"Usia": "Remaja", "Jenis_Kelamin": "L", "Keluhan_Utama": "K1", "Riwayat_Penyakit": "Tidak Ada"}', 'T1'),
(1, 195, '{"Usia": "Remaja", "Jenis_Kelamin": "P", "Keluhan_Utama": "K1", "Riwayat_Penyakit": "Ada"}', 'T1'),
(1, 196, '{"Usia": "Dewasa", "Jenis_Kelamin": "L", "Keluhan_Utama": "K3", "Riwayat_Penyakit": "Ada"}', 'T3'),
(1, 197, '{"Usia": "Dewasa", "Jenis_Kelamin": "L", "Keluhan_Utama": "K5", "Riwayat_Penyakit": "Tidak Ada"}', 'T5'),
(1, 198, '{"Usia": "Lansia", "Jenis_Kelamin": "L", "Keluhan_Utama": "K4", "Riwayat_Penyakit": "Ada"}', 'T4'),
(1, 199, '{"Usia": "Lansia", "Jenis_Kelamin": "L", "Keluhan_Utama": "K4", "Riwayat_Penyakit": "Ada"}', 'T4'),
(1, 200, '{"Usia": "Lansia", "Jenis_Kelamin": "P", "Keluhan_Utama": "K4", "Riwayat_Penyakit": "Ada"}', 'T4'),
(1, 201, '{"Usia": "Lansia", "Jenis_Kelamin": "P", "Keluhan_Utama": "K4", "Riwayat_Penyakit": "Ada"}', 'T4'),
(1, 202, '{"Usia": "Lansia", "Jenis_Kelamin": "L", "Keluhan_Utama": "K2", "Riwayat_Penyakit": "Tidak Ada"}', 'T2'),
(1, 203, '{"Usia": "Remaja", "Jenis_Kelamin": "L", "Keluhan_Utama": "K4", "Riwayat_Penyakit": "Tidak Ada"}', 'T4'),
(1, 204, '{"Usia": "Dewasa", "Jenis_Kelamin": "P", "Keluhan_Utama": "K3", "Riwayat_Penyakit": "Tidak Ada"}', 'T3'),
(1, 205, '{"Usia": "Remaja", "Jenis_Kelamin": "P", "Keluhan_Utama": "K1", "Riwayat_Penyakit": "Ada"}', 'T1'),
(1, 206, '{"Usia": "Dewasa", "Jenis_Kelamin": "P", "Keluhan_Utama": "K1", "Riwayat_Penyakit": "Ada"}', 'T1'),
(1, 207, '{"Usia": "Dewasa", "Jenis_Kelamin": "L", "Keluhan_Utama": "K1", "Riwayat_Penyakit": "Tidak Ada"}', 'T1'),
(1, 208, '{"Usia": "Lansia", "Jenis_Kelamin": "P", "Keluhan_Utama": "K1", "Riwayat_Penyakit": "Tidak Ada"}', 'T1'),
(1, 209, '{"Usia": "Dewasa", "Jenis_Kelamin": "L", "Keluhan_Utama": "K1", "Riwayat_Penyakit": "Ada"}', 'T1'),
(1, 210, '{"Usia": "Remaja", "Jenis_Kelamin": "L", "Keluhan_Utama": "K1", "Riwayat_Penyakit": "Ada"}', 'T1'),
(1, 211, '{"Usia": "Anak", "Jenis_Kelamin": "P", "Keluhan_Utama": "K3", "Riwayat_Penyakit": "Tidak Ada"}', 'T3'),
(1, 212, '{"Usia": "Lansia", "Jenis_Kelamin": "L", "Keluhan_Utama": "K3", "Riwayat_Penyakit": "Tidak Ada"}', 'T3'),
(1, 213, '{"Usia": "Lansia", "Jenis_Kelamin": "P", "Keluhan_Utama": "K3", "Riwayat_Penyakit": "Ada"}', 'T3'),
(1, 214, '{"Usia": "Remaja", "Jenis_Kelamin": "L", "Keluhan_Utama": "K1", "Riwayat_Penyakit": "Ada"}', 'T1'),
(1, 215, '{"Usia": "Lansia", "Jenis_Kelamin": "P", "Keluhan_Utama": "K3", "Riwayat_Penyakit": "Tidak Ada"}', 'T3'),
(1, 216, '{"Usia": "Remaja", "Jenis_Kelamin": "P", "Keluhan_Utama": "K1", "Riwayat_Penyakit": "Ada"}', 'T1'),
(1, 217, '{"Usia": "Anak", "Jenis_Kelamin": "L", "Keluhan_Utama": "K3", "Riwayat_Penyakit": "Ada"}', 'T3'),
(1, 218, '{"Usia": "Anak", "Jenis_Kelamin": "P", "Keluhan_Utama": "K1", "Riwayat_Penyakit": "Ada"}', 'T1'),
(1, 219, '{"Usia": "Dewasa", "Jenis_Kelamin": "L", "Keluhan_Utama": "K3", "Riwayat_Penyakit": "Tidak Ada"}', 'T3'),
(1, 220, '{"Usia": "Lansia", "Jenis_Kelamin": "P", "Keluhan_Utama": "K3", "Riwayat_Penyakit": "Tidak Ada"}', 'T3'),
(1, 221, '{"Usia": "Lansia", "Jenis_Kelamin": "P", "Keluhan_Utama": "K4", "Riwayat_Penyakit": "Ada"}', 'T4'),
(1, 222, '{"Usia": "Lansia", "Jenis_Kelamin": "L", "Keluhan_Utama": "K1", "Riwayat_Penyakit": "Ada"}', 'T1'),
(1, 223, '{"Usia": "Dewasa", "Jenis_Kelamin": "P", "Keluhan_Utama": "K3", "Riwayat_Penyakit": "Ada"}', 'T3'),
(1, 224, '{"Usia": "Dewasa", "Jenis_Kelamin": "P", "Keluhan_Utama": "K3", "Riwayat_Penyakit": "Tidak Ada"}', 'T3');

COMMIT;
